humidity,rainfall,temperature,waterLevel,timestamp
30.2,0.116129033,27.5,10.7,2025-12-20 18:57:55
30.2,0.116129033,27.5,10.7,2025-12-20 19:22:43
30.2,0.116129033,27.5,10.7,2025-12-20 19:38:56
30.2,0.116129033,27.5,10.7,2025-12-20 19:50:19
30.2,0.116129033,27.5,10.7,2025-12-20 20:19:21
30.2,0.116129033,27.5,10.7,2025-12-20 21:01:09
30.2,0.116129033,27.5,10.7,2025-12-20 21:49:25
30.2,0.116129033,27.5,10.7,2025-12-20 22:01:38
30.2,0.116129033,27.5,10.7,2025-12-20 22:30:53
30.2,0.116129033,27.5,10.7,2025-12-20 22:47:53
30.2,0.116129033,27.5,10.7,2025-12-20 22:59:20
30.2,0.116129033,27.5,10.7,2025-12-20 23:27:50
30.2,0.116129033,27.5,10.7,2025-12-20 23:43:06
30.2,0.116129033,27.5,10.7,2025-12-20 23:56:54
30.2,0.116129033,27.5,10.7,2025-12-21 00:32:04
30.2,0.116129033,27.5,10.7,2025-12-21 00:51:29
30.2,0.116129033,27.5,10.7,2025-12-21 01:19:13
30.2,0.116129033,27.5,10.7,2025-12-21 01:35:26
30.2,0.116129033,27.5,10.7,2025-12-21 01:47:17
30.2,0.116129033,27.5,10.7,2025-12-21 01:59:01
30.2,0.116129033,27.5,10.7,2025-12-21 02:36:51
30.2,0.116129033,27.5,10.7,2025-12-21 02:52:48
30.2,0.116129033,27.5,10.7,2025-12-21 03:18:29
30.2,0.116129033,27.5,10.7,2025-12-21 03:30:11
30.2,0.116129033,27.5,10.7,2025-12-21 03:42:00
30.2,0.116129033,27.5,10.7,2025-12-21 03:56:48
30.2,0.116129033,27.5,10.7,2025-12-21 04:27:34
30.2,0.116129033,27.5,10.7,2025-12-21 04:43:17
30.2,0.116129033,27.5,10.7,2025-12-21 04:57:24
30.2,0.116129033,27.5,10.7,2025-12-21 05:23:51
30.2,0.116129033,27.5,10.7,2025-12-21 05:39:42
30.2,0.116129033,27.5,10.7,2025-12-21 05:51:36
30.2,0.116129033,27.5,10.7,2025-12-21 06:21:45
30.2,0.116129033,27.5,10.7,2025-12-21 06:42:20
30.2,0.116129033,27.5,10.7,2025-12-21 06:57:21
30.2,0.116129033,27.5,10.7,2025-12-21 07:25:31
30.2,0.116129033,27.5,10.7,2025-12-21 07:40:47
30.2,0.116129033,27.5,10.7,2025-12-21 07:57:13
30.2,0.116129033,27.5,10.7,2025-12-21 10:24:29
30.2,0.116129033,27.5,10.7,2025-12-21 11:48:55
30.2,0.116129033,27.5,10.7,2025-12-21 12:26:51
30.2,0.116129033,27.5,10.7,2025-12-21 12:55:52
30.2,0.116129033,27.5,10.7,2025-12-21 13:25:26
30.2,0.116129033,27.5,10.7,2025-12-21 13:44:59
30.2,0.116129033,27.5,10.7,2025-12-21 13:57:20
30.2,0.116129033,27.5,10.7,2025-12-21 14:41:17
30.2,0.116129033,27.5,10.7,2025-12-21 15:00:15
30.2,0.116129033,27.5,10.7,2025-12-21 15:28:32
30.2,0.116129033,27.5,10.7,2025-12-21 15:42:51
30.2,0.116129033,27.5,10.7,2025-12-21 15:57:32
30.2,0.116129033,27.5,10.7,2025-12-21 16:35:36
30.2,0.116129033,27.5,10.7,2025-12-21 16:53:35
30.2,0.116129033,27.5,10.7,2025-12-21 17:23:51
30.2,0.116129033,27.5,10.7,2025-12-21 17:42:18
30.2,0.116129033,27.5,10.7,2025-12-21 17:57:29
30.2,0.116129033,27.5,10.7,2025-12-21 18:29:02
30.2,0.116129033,27.5,10.7,2025-12-21 18:46:20
30.2,0.116129033,27.5,10.7,2025-12-21 18:57:47
30.2,0.116129033,27.5,10.7,2025-12-21 19:23:27
30.2,0.116129033,27.5,10.7,2025-12-21 19:39:49
30.2,0.116129033,27.5,10.7,2025-12-21 19:51:40
30.2,0.116129033,27.5,10.7,2025-12-21 20:45:35
30.2,0.116129033,27.5,10.7,2025-12-21 21:19:05
30.2,0.116129033,27.5,10.7,2025-12-21 21:41:50
30.2,0.116129033,27.5,10.7,2025-12-21 21:57:06
30.2,0.116129033,27.5,10.7,2025-12-21 22:25:23
30.2,0.116129033,27.5,10.7,2025-12-21 22:42:38
30.2,0.116129033,27.5,10.7,2025-12-21 22:57:23
30.2,0.116129033,27.5,10.7,2025-12-21 23:26:48
30.2,0.116129033,27.5,10.7,2025-12-21 23:42:09
30.2,0.116129033,27.5,10.7,2025-12-21 23:57:28
30.2,0.116129033,27.5,10.7,2025-12-22 00:33:06
30.2,0.116129033,27.5,10.7,2025-12-22 00:52:24
30.2,0.116129033,27.5,10.7,2025-12-22 01:19:55
30.2,0.116129033,27.5,10.7,2025-12-22 01:37:34
30.2,0.116129033,27.5,10.7,2025-12-22 01:49:37
30.2,0.116129033,27.5,10.7,2025-12-22 02:13:21
30.2,0.116129033,27.5,10.7,2025-12-22 02:45:11
30.2,0.116129033,27.5,10.7,2025-12-22 02:57:55
30.2,0.116129033,27.5,10.7,2025-12-22 03:22:48
30.2,0.116129033,27.5,10.7,2025-12-22 03:39:16
30.2,0.116129033,27.5,10.7,2025-12-22 03:50:41
30.2,0.116129033,27.5,10.7,2025-12-22 04:25:57
30.2,0.116129033,27.5,10.7,2025-12-22 04:43:34
30.2,0.116129033,27.5,10.7,2025-12-22 04:57:14
30.2,0.116129033,27.5,10.7,2025-12-22 05:24:52
30.2,0.116129033,27.5,10.7,2025-12-22 05:40:44
30.2,0.116129033,27.5,10.7,2025-12-22 05:57:19
30.2,0.116129033,27.5,10.7,2025-12-22 06:27:25
30.2,0.116129033,27.5,10.7,2025-12-22 06:45:03
30.2,0.116129033,27.5,10.7,2025-12-22 06:57:27
30.2,0.116129033,27.5,10.7,2025-12-22 07:26:05
30.2,0.116129033,27.5,10.7,2025-12-22 07:42:14
30.2,0.116129033,27.5,10.7,2025-12-22 07:57:12
30.2,0.116129033,27.5,10.7,2025-12-22 10:24:10
30.2,0.116129033,27.5,10.7,2025-12-22 11:53:55
30.2,0.116129033,27.5,10.7,2025-12-22 12:43:23
30.2,0.116129033,27.5,10.7,2025-12-22 13:13:25
30.2,0.116129033,27.5,10.7,2025-12-22 13:43:19
30.2,0.116129033,27.5,10.7,2025-12-22 13:57:05
30.2,0.116129033,27.5,10.7,2025-12-22 14:46:18
30.2,0.116129033,27.5,10.7,2025-12-22 15:13:49
30.2,0.116129033,27.5,10.7,2025-12-22 15:39:43
30.2,0.116129033,27.5,10.7,2025-12-22 15:52:34
30.2,0.116129033,27.5,10.7,2025-12-22 16:35:05
30.2,0.116129033,27.5,10.7,2025-12-22 16:58:52
30.2,0.116129033,27.5,10.7,2025-12-22 17:38:13
30.2,0.116129033,27.5,10.7,2025-12-22 17:55:54
30.2,0.116129033,27.5,10.7,2025-12-22 18:28:13
30.2,0.116129033,27.5,10.7,2025-12-22 18:49:47
30.2,0.116129033,27.5,10.7,2025-12-22 19:09:40
30.2,0.116129033,27.5,10.7,2025-12-22 19:30:01
30.2,0.116129033,27.5,10.7,2025-12-22 19:44:18
30.2,0.116129033,27.5,10.7,2025-12-22 19:57:23
30.2,0.116129033,27.5,10.7,2025-12-22 20:59:06
30.2,0.116129033,27.5,10.7,2025-12-22 21:40:51
30.2,0.116129033,27.5,10.7,2025-12-22 21:58:52
30.2,0.116129033,27.5,10.7,2025-12-22 22:31:11
30.2,0.116129033,27.5,10.7,2025-12-22 22:52:07
30.2,0.116129033,27.5,10.7,2025-12-22 23:26:35
30.2,0.116129033,27.5,10.7,2025-12-22 23:46:10
30.2,0.116129033,27.5,10.7,2025-12-22 23:57:34
30.2,0.116129033,27.5,10.7,2025-12-23 00:36:44
30.2,0.116129033,27.5,10.7,2025-12-23 00:56:34
30.2,0.116129033,27.5,10.7,2025-12-23 01:24:28
30.2,0.116129033,27.5,10.7,2025-12-23 01:43:58
30.2,0.116129033,27.5,10.7,2025-12-23 01:56:43
30.2,0.116129033,27.5,10.7,2025-12-23 02:39:44
30.2,0.116129033,27.5,10.7,2025-12-23 02:59:00
30.2,0.116129033,27.5,10.7,2025-12-23 03:25:05
30.2,0.116129033,27.5,10.7,2025-12-23 03:40:06
30.2,0.116129033,27.5,10.7,2025-12-23 03:51:52
30.2,0.116129033,27.5,10.7,2025-12-23 04:27:34
30.2,0.116129033,27.5,10.7,2025-12-23 04:46:37
30.2,0.116129033,27.5,10.7,2025-12-23 04:58:09
30.2,0.116129033,27.5,10.7,2025-12-23 05:26:45
30.2,0.116129033,27.5,10.7,2025-12-23 05:42:56
30.2,0.116129033,27.5,10.7,2025-12-23 05:57:20
30.2,0.116129033,27.5,10.7,2025-12-23 06:29:06
30.2,0.116129033,27.5,10.7,2025-12-23 06:47:36
30.2,0.116129033,27.5,10.7,2025-12-23 06:59:42
30.2,0.116129033,27.5,10.7,2025-12-23 07:28:24
30.2,0.116129033,27.5,10.7,2025-12-23 07:44:21
30.2,0.116129033,27.5,10.7,2025-12-23 07:57:07
30.2,0.116129033,27.5,10.7,2025-12-23 10:14:46
30.2,0.116129033,27.5,10.7,2025-12-23 11:45:46
30.2,0.116129033,27.5,10.7,2025-12-23 12:25:58
30.2,0.116129033,27.5,10.7,2025-12-23 12:57:39
30.2,0.116129033,27.5,10.7,2025-12-23 13:33:02
30.2,0.116129033,27.5,10.7,2025-12-23 13:53:01
30.2,0.116129033,27.5,10.7,2025-12-23 14:39:00
30.2,0.116129033,27.5,10.7,2025-12-23 15:01:42
30.2,0.116129033,27.5,10.7,2025-12-23 15:34:29
30.2,0.116129033,27.5,10.7,2025-12-23 15:50:36
30.2,0.116129033,27.5,10.7,2025-12-23 16:34:40
30.2,0.116129033,27.5,10.7,2025-12-23 16:58:33
30.2,0.116129033,27.5,10.7,2025-12-23 17:34:04
30.2,0.116129033,27.5,10.7,2025-12-23 17:52:47
30.2,0.116129033,27.5,10.7,2025-12-23 18:27:54
30.2,0.116129033,27.5,10.7,2025-12-23 18:50:51
30.2,0.116129033,27.5,10.7,2025-12-23 19:22:14
30.2,0.116129033,27.5,10.7,2025-12-23 19:42:01
30.2,0.116129033,27.5,10.7,2025-12-23 19:57:32
30.2,0.116129033,27.5,10.7,2025-12-23 21:00:55
30.2,0.116129033,27.5,10.7,2025-12-23 21:46:54
30.2,0.116129033,27.5,10.7,2025-12-23 21:59:46
30.2,0.116129033,27.5,10.7,2025-12-23 22:32:34
30.2,0.116129033,27.5,10.7,2025-12-23 22:53:30
30.2,0.116129033,27.5,10.7,2025-12-23 23:26:37
30.2,0.116129033,27.5,10.7,2025-12-23 23:46:34
30.2,0.116129033,27.5,10.7,2025-12-23 23:58:36
30.2,0.116129033,27.5,10.7,2025-12-24 00:38:37
30.2,0.116129033,27.5,10.7,2025-12-24 00:58:34
30.2,0.116129033,27.5,10.7,2025-12-24 01:29:27
30.2,0.116129033,27.5,10.7,2025-12-24 01:47:12
30.2,0.116129033,27.5,10.7,2025-12-24 01:59:10
30.2,0.116129033,27.5,10.7,2025-12-24 02:43:15
30.2,0.116129033,27.5,10.7,2025-12-24 03:02:21
30.2,0.116129033,27.5,10.7,2025-12-24 03:27:37
30.2,0.116129033,27.5,10.7,2025-12-24 03:42:13
30.2,0.116129033,27.5,10.7,2025-12-24 03:56:44
30.2,0.116129033,27.5,10.7,2025-12-24 04:30:07
30.2,0.116129033,27.5,10.7,2025-12-24 04:47:12
30.2,0.116129033,27.5,10.7,2025-12-24 04:59:00
30.2,0.116129033,27.5,10.7,2025-12-24 05:27:49
30.2,0.116129033,27.5,10.7,2025-12-24 05:43:43
30.2,0.116129033,27.5,10.7,2025-12-24 05:56:44
30.2,0.116129033,27.5,10.7,2025-12-24 06:26:39
30.2,0.116129033,27.5,10.7,2025-12-24 06:45:19
30.2,0.116129033,27.5,10.7,2025-12-24 06:56:55
30.2,0.116129033,27.5,10.7,2025-12-24 07:25:51
30.2,0.116129033,27.5,10.7,2025-12-24 07:42:10
30.2,0.116129033,27.5,10.7,2025-12-24 07:57:17
30.2,0.116129033,27.5,10.7,2025-12-24 10:12:07
30.2,0.116129033,27.5,10.7,2025-12-24 11:42:39
30.2,0.116129033,27.5,10.7,2025-12-24 12:24:10
30.2,0.116129033,27.5,10.7,2025-12-24 12:57:03
30.2,0.116129033,27.5,10.7,2025-12-24 13:32:27
30.2,0.116129033,27.5,10.7,2025-12-24 13:52:46
30.2,0.116129033,27.5,10.7,2025-12-24 14:38:56
30.2,0.116129033,27.5,10.7,2025-12-24 15:01:30
30.2,0.116129033,27.5,10.7,2025-12-24 15:34:18
30.2,0.116129033,27.5,10.7,2025-12-24 15:50:42
30.2,0.116129033,27.5,10.7,2025-12-24 16:34:25
30.2,0.116129033,27.5,10.7,2025-12-24 16:58:27
30.2,0.116129033,27.5,10.7,2025-12-24 17:32:56
30.2,0.116129033,27.5,10.7,2025-12-24 17:51:02
30.2,0.116129033,27.5,10.7,2025-12-24 18:26:27
30.2,0.116129033,27.5,10.7,2025-12-24 18:47:55
30.2,0.116129033,27.5,10.7,2025-12-24 18:59:13
30.2,0.116129033,27.5,10.7,2025-12-24 19:27:00
30.2,0.116129033,27.5,10.7,2025-12-24 19:43:11
30.2,0.116129033,27.5,10.7,2025-12-24 19:57:23
30.2,0.116129033,27.5,10.7,2025-12-24 20:58:31
30.2,0.116129033,27.5,10.7,2025-12-24 21:38:16
30.2,0.116129033,27.5,10.7,2025-12-24 21:53:19
30.2,0.116129033,27.5,10.7,2025-12-24 22:23:09
30.2,0.116129033,27.5,10.7,2025-12-24 22:45:18
30.2,0.116129033,27.5,10.7,2025-12-24 22:56:56
30.2,0.116129033,27.5,10.7,2025-12-24 23:28:56
30.2,0.116129033,27.5,10.7,2025-12-24 23:46:13
30.2,0.116129033,27.5,10.7,2025-12-24 23:57:45
30.2,0.116129033,27.5,10.7,2025-12-25 00:35:41
30.2,0.116129033,27.5,10.7,2025-12-25 00:54:29
30.2,0.116129033,27.5,10.7,2025-12-25 01:20:31
30.2,0.116129033,27.5,10.7,2025-12-25 01:38:57
30.2,0.116129033,27.5,10.7,2025-12-25 01:50:59
30.2,0.116129033,27.5,10.7,2025-12-25 02:35:02
30.2,0.116129033,27.5,10.7,2025-12-25 02:56:04
30.2,0.116129033,27.5,10.7,2025-12-25 03:20:07
30.2,0.116129033,27.5,10.7,2025-12-25 03:32:59
30.2,0.116129033,27.5,10.7,2025-12-25 03:47:25
30.2,0.116129033,27.5,10.7,2025-12-25 03:58:40
30.2,0.116129033,27.5,10.7,2025-12-25 04:31:53
30.2,0.116129033,27.5,10.7,2025-12-25 04:50:45
30.2,0.116129033,27.5,10.7,2025-12-25 05:21:46
30.2,0.116129033,27.5,10.7,2025-12-25 05:41:18
30.2,0.116129033,27.5,10.7,2025-12-25 05:57:31
30.2,0.116129033,27.5,10.7,2025-12-25 06:28:29
30.2,0.116129033,27.5,10.7,2025-12-25 06:46:45
30.2,0.116129033,27.5,10.7,2025-12-25 06:58:41
30.2,0.116129033,27.5,10.7,2025-12-25 07:27:53
30.2,0.116129033,27.5,10.7,2025-12-25 07:43:43
30.2,0.116129033,27.5,10.7,2025-12-25 07:57:25
30.2,0.116129033,27.5,10.7,2025-12-25 10:20:47
30.2,0.116129033,27.5,10.7,2025-12-25 11:48:11
30.2,0.116129033,27.5,10.7,2025-12-25 12:26:54
30.2,0.116129033,27.5,10.7,2025-12-25 12:57:49
30.2,0.116129033,27.5,10.7,2025-12-25 13:33:15
30.2,0.116129033,27.5,10.7,2025-12-25 13:52:47
30.2,0.116129033,27.5,10.7,2025-12-25 14:38:12
30.2,0.116129033,27.5,10.7,2025-12-25 15:00:20
30.2,0.116129033,27.5,10.7,2025-12-25 15:31:04
30.2,0.116129033,27.5,10.7,2025-12-25 15:48:54
30.2,0.116129033,27.5,10.7,2025-12-25 16:00:45
0.0,0.0,0.0,-235.2,2025-12-25 16:42:41
0.0,0.0,0.0,-350.0,2025-12-25 17:00:56
0.0,0.0,0.0,-350.0,2025-12-25 17:34:49
0.0,0.0,0.0,-350.0,2025-12-25 17:50:48
0.0,0.0,0.0,-350.0,2025-12-25 18:26:25
0.0,0.0,0.0,-350.0,2025-12-25 18:47:58
0.0,0.0,0.0,-350.0,2025-12-25 18:59:51
0.0,0.0,0.0,-350.0,2025-12-25 19:26:18
0.0,0.0,0.0,-350.0,2025-12-25 19:42:08
0.0,0.0,0.0,-350.0,2025-12-25 19:56:46
0.0,0.0,0.0,-350.0,2025-12-25 20:55:48
0.0,0.0,0.0,-350.0,2025-12-25 21:35:09
0.0,0.0,0.0,-350.0,2025-12-25 21:52:27
0.0,0.0,0.0,-350.0,2025-12-25 22:23:49
0.0,0.0,0.0,-350.0,2025-12-25 22:45:06
0.0,0.0,0.0,-350.0,2025-12-25 22:56:53
0.0,0.0,0.0,-350.0,2025-12-25 23:27:44
0.0,0.0,0.0,-350.0,2025-12-25 23:44:46
0.0,0.0,0.0,-350.0,2025-12-25 23:56:57
0.0,0.0,0.0,147.6,2025-12-26 00:34:51
0.0,0.0,0.0,147.6,2025-12-26 00:54:54
0.0,0.0,0.0,147.6,2025-12-26 01:21:11
0.0,0.0,0.0,147.6,2025-12-26 01:42:57
0.0,0.0,0.0,147.6,2025-12-26 01:57:26
0.0,0.0,0.0,147.6,2025-12-26 02:40:05
0.0,0.0,0.0,147.6,2025-12-26 02:57:38
0.0,0.0,0.0,147.6,2025-12-26 03:23:04
0.0,0.0,0.0,147.6,2025-12-26 03:39:30
0.0,0.0,0.0,147.6,2025-12-26 03:51:29
0.0,0.0,0.0,147.6,2025-12-26 04:27:24
0.0,0.0,0.0,147.6,2025-12-26 04:46:13
0.0,0.0,0.0,147.6,2025-12-26 04:57:43
0.0,0.0,0.0,147.6,2025-12-26 05:26:47
0.0,0.0,0.0,147.6,2025-12-26 05:42:47
0.0,0.0,0.0,147.6,2025-12-26 05:57:27
0.0,0.0,0.0,147.6,2025-12-26 06:28:09
0.0,0.0,0.0,147.6,2025-12-26 06:46:15
0.0,0.0,0.0,147.6,2025-12-26 06:57:59
0.0,0.0,0.0,147.6,2025-12-26 07:27:38
0.0,0.0,0.0,147.6,2025-12-26 07:43:44
0.0,0.0,0.0,147.6,2025-12-26 07:57:12
0.0,0.0,0.0,147.6,2025-12-26 10:11:59
0.0,0.0,0.0,147.6,2025-12-26 11:42:51
0.0,0.0,0.0,147.6,2025-12-26 12:24:17
0.0,0.0,0.0,147.6,2025-12-26 12:55:10
0.0,0.0,0.0,147.6,2025-12-26 13:25:48
0.0,0.0,0.0,147.6,2025-12-26 13:46:48
0.0,0.0,0.0,147.6,2025-12-26 13:58:35
0.0,0.0,0.0,130.2,2025-12-26 14:45:26
0.0,0.0,0.0,138.0,2025-12-26 15:02:23
0.0,0.0,0.0,138.0,2025-12-26 15:32:39
0.0,0.0,0.0,138.0,2025-12-26 15:48:19
0.0,0.0,0.0,138.0,2025-12-26 15:59:50
0.0,0.0,0.0,138.0,2025-12-26 16:39:04
0.0,0.0,0.0,138.0,2025-12-26 16:57:52
0.0,0.0,0.0,138.0,2025-12-26 17:31:18
0.0,0.0,0.0,138.0,2025-12-26 17:50:37
0.0,0.0,0.0,138.0,2025-12-26 18:26:13
0.0,0.0,0.0,138.0,2025-12-26 18:47:23
0.0,0.0,0.0,138.0,2025-12-26 18:59:07
0.0,0.0,0.0,138.0,2025-12-26 19:26:43
0.0,0.0,0.0,138.0,2025-12-26 19:42:35
0.0,0.0,0.0,138.0,2025-12-26 19:56:57
0.0,0.0,0.0,138.0,2025-12-26 20:56:31
0.0,0.0,0.0,138.0,2025-12-26 21:36:45
0.0,0.0,0.0,138.0,2025-12-26 21:53:42
0.0,0.0,0.0,138.0,2025-12-26 22:23:49
0.0,0.0,0.0,138.0,2025-12-26 22:46:03
0.0,0.0,0.0,138.0,2025-12-26 22:57:29
0.0,0.0,0.0,138.0,2025-12-26 23:29:46
0.0,0.0,0.0,138.0,2025-12-26 23:46:29
0.0,0.0,0.0,138.0,2025-12-26 23:58:28
0.0,0.0,0.0,138.0,2025-12-27 00:34:42
0.0,0.0,0.0,138.0,2025-12-27 00:53:29
0.0,0.0,0.0,138.0,2025-12-27 01:21:08
0.0,0.0,0.0,138.0,2025-12-27 01:42:52
0.0,0.0,0.0,138.0,2025-12-27 01:57:17
0.0,0.0,0.0,138.0,2025-12-27 02:39:31
0.0,0.0,0.0,138.0,2025-12-27 02:57:07
0.0,0.0,0.0,138.0,2025-12-27 03:22:31
0.0,0.0,0.0,138.0,2025-12-27 03:39:43
0.0,0.0,0.0,138.0,2025-12-27 03:51:38
0.0,0.0,0.0,138.0,2025-12-27 04:25:48
0.0,0.0,0.0,138.0,2025-12-27 04:43:50
0.0,0.0,0.0,138.0,2025-12-27 04:57:15
0.0,0.0,0.0,138.0,2025-12-27 05:25:44
0.0,0.0,0.0,138.0,2025-12-27 05:41:16
0.0,0.0,0.0,138.0,2025-12-27 05:57:07
0.0,0.0,0.0,138.0,2025-12-27 06:27:50
0.0,0.0,0.0,138.0,2025-12-27 06:46:24
0.0,0.0,0.0,138.0,2025-12-27 06:58:05
0.0,0.0,0.0,138.0,2025-12-27 07:27:40
0.0,0.0,0.0,138.0,2025-12-27 07:43:55
0.0,0.0,0.0,138.0,2025-12-27 07:57:27
0.0,0.0,0.0,138.0,2025-12-27 10:11:12
0.0,0.0,0.0,138.0,2025-12-27 11:40:41
0.0,0.0,0.0,138.0,2025-12-27 12:20:32
0.0,0.0,0.0,138.0,2025-12-27 12:49:59
0.0,0.0,0.0,138.0,2025-12-27 13:12:47
0.0,0.0,0.0,138.0,2025-12-27 13:41:03
0.0,0.0,0.0,138.0,2025-12-27 13:57:10
0.0,0.0,0.0,138.0,2025-12-27 14:41:17
0.0,0.0,0.0,138.0,2025-12-27 15:00:41
0.0,0.0,0.0,138.0,2025-12-27 15:30:02
0.0,0.0,0.0,138.0,2025-12-27 15:43:28
0.0,0.0,0.0,138.0,2025-12-27 15:57:01
0.0,0.0,0.0,138.0,2025-12-27 16:35:01
0.0,0.0,0.0,138.0,2025-12-27 16:54:34
0.0,0.0,0.0,138.0,2025-12-27 17:24:14
0.0,0.0,0.0,138.0,2025-12-27 17:42:21
0.0,0.0,0.0,138.0,2025-12-27 17:57:27
0.0,0.0,0.0,138.0,2025-12-27 18:29:03
0.0,0.0,0.0,138.0,2025-12-27 18:46:28
0.0,0.0,0.0,138.0,2025-12-27 18:58:16
0.0,0.0,0.0,138.0,2025-12-27 19:23:33
0.0,0.0,0.0,138.0,2025-12-27 19:39:46
0.0,0.0,0.0,138.0,2025-12-27 19:51:45
0.0,0.0,0.0,138.0,2025-12-27 20:46:29
0.0,0.0,0.0,138.0,2025-12-27 21:20:08
0.0,0.0,0.0,138.0,2025-12-27 21:43:11
0.0,0.0,0.0,138.0,2025-12-27 21:57:29
0.0,0.0,0.0,138.0,2025-12-27 22:26:36
0.0,0.0,0.0,138.0,2025-12-27 22:43:53
0.0,0.0,0.0,138.0,2025-12-27 22:57:22
0.0,0.0,0.0,138.0,2025-12-27 23:27:02
0.0,0.0,0.0,138.0,2025-12-27 23:43:15
0.0,0.0,0.0,138.0,2025-12-27 23:56:47
0.0,0.0,0.0,138.0,2025-12-28 00:32:56
0.0,0.0,0.0,138.0,2025-12-28 00:52:50
0.0,0.0,0.0,138.0,2025-12-28 01:20:08
0.0,0.0,0.0,138.0,2025-12-28 01:38:23
0.0,0.0,0.0,138.0,2025-12-28 01:50:30
0.0,0.0,0.0,138.0,2025-12-28 02:32:59
0.0,0.0,0.0,138.0,2025-12-28 02:54:27
0.0,0.0,0.0,138.0,2025-12-28 03:18:28
0.0,0.0,0.0,138.0,2025-12-28 03:30:29
0.0,0.0,0.0,138.0,2025-12-28 03:47:29
0.0,0.0,0.0,138.0,2025-12-28 03:58:53
0.0,0.0,0.0,138.0,2025-12-28 04:31:32
0.0,0.0,0.0,138.0,2025-12-28 04:50:22
0.0,0.0,0.0,138.0,2025-12-28 05:09:24
0.0,0.0,0.0,138.0,2025-12-28 05:29:59
0.0,0.0,0.0,138.0,2025-12-28 05:43:59
0.0,0.0,0.0,138.0,2025-12-28 05:57:00
0.0,0.0,0.0,138.0,2025-12-28 06:26:25
0.0,0.0,0.0,138.0,2025-12-28 06:44:34
0.0,0.0,0.0,138.0,2025-12-28 06:57:23
0.0,0.0,0.0,138.0,2025-12-28 07:26:37
0.0,0.0,0.0,138.0,2025-12-28 07:42:22
0.0,0.0,0.0,138.0,2025-12-28 07:57:22
0.0,0.0,0.0,138.0,2025-12-28 10:32:20
0.0,0.0,0.0,138.0,2025-12-28 12:01:12
0.0,0.0,0.0,138.0,2025-12-28 12:53:23
0.0,0.0,0.0,138.0,2025-12-28 13:27:39
0.0,0.0,0.0,138.0,2025-12-28 13:49:04
0.0,0.0,0.0,138.0,2025-12-28 14:00:28
0.0,0.0,0.0,138.0,2025-12-28 14:44:55
0.0,0.0,0.0,138.0,2025-12-28 15:00:50
0.0,0.0,0.0,138.0,2025-12-28 15:30:48
0.0,0.0,0.0,138.0,2025-12-28 15:47:48
0.0,0.0,0.0,138.0,2025-12-28 15:58:58
0.0,0.0,0.0,138.0,2025-12-28 16:37:24
0.0,0.0,0.0,138.0,2025-12-28 16:55:08
0.0,0.0,0.0,138.0,2025-12-28 17:24:24
0.0,0.0,0.0,138.0,2025-12-28 17:42:57
0.0,0.0,0.0,138.0,2025-12-28 17:57:30
0.0,0.0,0.0,138.0,2025-12-28 18:29:30
0.0,0.0,0.0,138.0,2025-12-28 18:48:00
0.0,0.0,0.0,138.0,2025-12-28 18:59:25
0.0,0.0,0.0,138.0,2025-12-28 19:25:20
0.0,0.0,0.0,138.0,2025-12-28 19:40:07
0.0,0.0,0.0,138.0,2025-12-28 19:52:25
0.0,0.0,0.0,138.0,2025-12-28 20:47:25
0.0,0.0,0.0,138.0,2025-12-28 21:21:55
0.0,0.0,0.0,138.0,2025-12-28 21:47:30
0.0,0.0,0.0,138.0,2025-12-28 21:58:53
0.0,0.0,0.0,138.0,2025-12-28 22:28:32
0.0,0.0,0.0,138.0,2025-12-28 22:46:14
60.5,10.0,25.5,75.0,2025-12-28 22:58:04
60.5,10.0,25.5,75.0,2025-12-28 23:27:56
60.5,10.0,25.5,75.0,2025-12-28 23:43:38
60.5,10.0,25.5,75.0,2025-12-28 23:57:28
60.5,10.0,25.5,75.0,2025-12-29 00:34:43
60.5,10.0,25.5,75.0,2025-12-29 00:54:13
60.5,10.0,25.5,75.0,2025-12-29 01:21:08
60.5,10.0,25.5,75.0,2025-12-29 01:42:55
60.5,10.0,25.5,75.0,2025-12-29 01:57:28
60.5,10.0,25.5,75.0,2025-12-29 02:39:14
60.5,10.0,25.5,75.0,2025-12-29 02:56:36
60.5,10.0,25.5,75.0,2025-12-29 03:21:15
60.5,10.0,25.5,75.0,2025-12-29 03:39:38
60.5,10.0,25.5,75.0,2025-12-29 03:51:37
60.5,10.0,25.5,75.0,2025-12-29 04:27:10
60.5,10.0,25.5,75.0,2025-12-29 04:46:06
60.5,10.0,25.5,75.0,2025-12-29 04:57:35
60.5,10.0,25.5,75.0,2025-12-29 05:26:11
60.5,10.0,25.5,75.0,2025-12-29 05:42:08
60.5,10.0,25.5,75.0,2025-12-29 05:57:04
60.5,10.0,25.5,75.0,2025-12-29 06:27:24
60.5,10.0,25.5,75.0,2025-12-29 06:46:02
60.5,10.0,25.5,75.0,2025-12-29 06:57:57
60.5,10.0,25.5,75.0,2025-12-29 07:27:39
60.5,10.0,25.5,75.0,2025-12-29 07:44:05
60.5,10.0,25.5,75.0,2025-12-29 07:57:27
60.5,10.0,25.5,75.0,2025-12-29 10:30:02
60.5,10.0,25.5,75.0,2025-12-29 12:02:33
60.5,10.0,25.5,75.0,2025-12-29 12:58:10
60.5,10.0,25.5,75.0,2025-12-29 13:37:33
60.5,10.0,25.5,75.0,2025-12-29 13:56:40
60.5,10.0,25.5,75.0,2025-12-29 14:45:39
60.5,10.0,25.5,75.0,2025-12-29 15:15:22
60.5,10.0,25.5,75.0,2025-12-29 15:41:43
60.5,10.0,25.5,75.0,2025-12-29 15:57:32
60.5,10.0,25.5,75.0,2025-12-29 16:42:13
60.5,10.0,25.5,75.0,2025-12-29 17:16:33
60.5,10.0,25.5,75.0,2025-12-29 17:47:34
60.5,10.0,25.5,75.0,2025-12-29 18:00:26
60.5,10.0,25.5,75.0,2025-12-29 18:36:31
60.5,10.0,25.5,75.0,2025-12-29 18:54:26
60.5,10.0,25.5,75.0,2025-12-29 19:22:44
60.5,10.0,25.5,75.0,2025-12-29 19:42:48
60.5,10.0,25.5,75.0,2025-12-29 19:57:00
60.5,10.0,25.5,75.0,2025-12-29 21:00:23
60.5,10.0,25.5,75.0,2025-12-29 21:44:27
60.5,10.0,25.5,75.0,2025-12-29 21:59:52
60.5,10.0,25.5,75.0,2025-12-29 22:33:14
60.5,10.0,25.5,75.0,2025-12-29 22:53:47
60.5,10.0,25.5,75.0,2025-12-29 23:27:11
60.5,10.0,25.5,75.0,2025-12-29 23:47:26
60.5,10.0,25.5,75.0,2025-12-29 23:59:15
60.5,10.0,25.5,75.0,2025-12-30 00:36:47
60.5,10.0,25.5,75.0,2025-12-30 00:56:20
60.5,10.0,25.5,75.0,2025-12-30 01:23:47
60.5,10.0,25.5,75.0,2025-12-30 01:43:47
60.5,10.0,25.5,75.0,2025-12-30 01:57:25
60.5,10.0,25.5,75.0,2025-12-30 02:40:33
60.5,10.0,25.5,75.0,2025-12-30 02:59:59
60.5,10.0,25.5,75.0,2025-12-30 03:25:29
60.5,10.0,25.5,75.0,2025-12-30 03:40:22
60.5,10.0,25.5,75.0,2025-12-30 03:52:20
60.5,10.0,25.5,75.0,2025-12-30 04:28:17
60.5,10.0,25.5,75.0,2025-12-30 04:48:02
60.5,10.0,25.5,75.0,2025-12-30 04:59:36
60.5,10.0,25.5,75.0,2025-12-30 05:27:45
60.5,10.0,25.5,75.0,2025-12-30 05:44:13
60.5,10.0,25.5,75.0,2025-12-30 05:57:18
60.5,10.0,25.5,75.0,2025-12-30 06:28:03
60.5,10.0,25.5,75.0,2025-12-30 06:57:42
60.5,10.0,25.5,75.0,2025-12-30 07:27:31
60.5,10.0,25.5,75.0,2025-12-30 07:44:22
60.5,10.0,25.5,75.0,2025-12-30 07:57:25
60.5,10.0,25.5,75.0,2025-12-30 10:21:15
60.5,10.0,25.5,75.0,2025-12-30 11:49:44
60.5,10.0,25.5,75.0,2025-12-30 12:30:06
60.5,10.0,25.5,75.0,2025-12-30 13:00:19
60.5,10.0,25.5,75.0,2025-12-30 13:34:30
60.5,10.0,25.5,75.0,2025-12-30 13:52:23
60.5,10.0,25.5,75.0,2025-12-30 14:38:17
60.5,10.0,25.5,75.0,2025-12-30 15:00:05
60.5,10.0,25.5,75.0,2025-12-30 15:32:04
60.5,10.0,25.5,75.0,2025-12-30 15:49:32
60.5,10.0,25.5,75.0,2025-12-30 16:14:33
60.5,10.0,25.5,75.0,2025-12-30 16:47:43
60.5,10.0,25.5,75.0,2025-12-30 17:13:47
60.5,10.0,25.5,75.0,2025-12-30 17:42:37
60.5,10.0,25.5,75.0,2025-12-30 17:57:25
60.5,10.0,25.5,75.0,2025-12-30 18:33:14
60.5,10.0,25.5,75.0,2025-12-30 18:53:53
60.5,10.0,25.5,75.0,2025-12-30 19:22:42
60.5,10.0,25.5,75.0,2025-12-30 19:41:59
60.5,10.0,25.5,75.0,2025-12-30 19:57:28
60.5,10.0,25.5,75.0,2025-12-30 21:00:46
60.5,10.0,25.5,75.0,2025-12-30 21:47:12
60.5,10.0,25.5,75.0,2025-12-30 22:00:26
60.5,10.0,25.5,75.0,2025-12-30 22:32:59
60.5,10.0,25.5,75.0,2025-12-30 22:53:54
60.5,10.0,25.5,75.0,2025-12-30 23:26:41
60.5,10.0,25.5,75.0,2025-12-30 23:46:49
60.5,10.0,25.5,75.0,2025-12-30 23:59:18
60.5,10.0,25.5,75.0,2025-12-31 00:38:51
60.5,10.0,25.5,75.0,2025-12-31 00:58:25
60.5,10.0,25.5,75.0,2025-12-31 01:29:47
60.5,10.0,25.5,75.0,2025-12-31 01:48:47
60.5,10.0,25.5,75.0,2025-12-31 02:00:30
60.5,10.0,25.5,75.0,2025-12-31 02:45:46
60.5,10.0,25.5,75.0,2025-12-31 03:01:30
60.5,10.0,25.5,75.0,2025-12-31 03:26:54
60.5,10.0,25.5,75.0,2025-12-31 03:41:34
60.5,10.0,25.5,75.0,2025-12-31 03:57:10
60.5,10.0,25.5,75.0,2025-12-31 04:32:01
60.5,10.0,25.5,75.0,2025-12-31 04:52:00
60.5,10.0,25.5,75.0,2025-12-31 05:23:28
60.5,10.0,25.5,75.0,2025-12-31 05:43:16
60.5,10.0,25.5,75.0,2025-12-31 05:57:25
60.5,10.0,25.5,75.0,2025-12-31 06:27:59
60.5,10.0,25.5,75.0,2025-12-31 06:46:41
60.5,10.0,25.5,75.0,2025-12-31 06:57:53
60.5,10.0,25.5,75.0,2025-12-31 07:27:07
60.5,10.0,25.5,75.0,2025-12-31 07:43:40
60.5,10.0,25.5,75.0,2025-12-31 07:56:49
60.5,10.0,25.5,75.0,2025-12-31 10:10:23
60.5,10.0,25.5,75.0,2025-12-31 11:44:28
60.5,10.0,25.5,75.0,2025-12-31 12:26:52
60.5,10.0,25.5,75.0,2025-12-31 12:58:13
60.5,10.0,25.5,75.0,2025-12-31 13:34:16
60.5,10.0,25.5,75.0,2025-12-31 13:53:19
60.5,10.0,25.5,75.0,2025-12-31 14:38:30
60.5,10.0,25.5,75.0,2025-12-31 15:00:43
60.5,10.0,25.5,75.0,2025-12-31 15:34:14
60.5,10.0,25.5,75.0,2025-12-31 15:50:26
60.5,10.0,25.5,75.0,2025-12-31 16:17:04
60.5,10.0,25.5,75.0,2025-12-31 16:47:36
60.5,10.0,25.5,75.0,2025-12-31 17:13:17
60.5,10.0,25.5,75.0,2025-12-31 17:41:48
60.5,10.0,25.5,75.0,2025-12-31 17:57:36
60.5,10.0,25.5,75.0,2025-12-31 18:31:35
60.5,10.0,25.5,75.0,2025-12-31 18:52:30
60.5,10.0,25.5,75.0,2025-12-31 19:22:03
60.5,10.0,25.5,75.0,2025-12-31 19:41:06
60.5,10.0,25.5,75.0,2025-12-31 19:57:00
60.5,10.0,25.5,75.0,2025-12-31 20:57:20
60.5,10.0,25.5,75.0,2025-12-31 21:38:07
60.5,10.0,25.5,75.0,2025-12-31 21:54:02
60.5,10.0,25.5,75.0,2025-12-31 22:24:10
60.5,10.0,25.5,75.0,2025-12-31 22:45:50
60.5,10.0,25.5,75.0,2025-12-31 22:57:29
60.5,10.0,25.5,75.0,2025-12-31 23:29:53
60.5,10.0,25.5,75.0,2025-12-31 23:46:41
60.5,10.0,25.5,75.0,2025-12-31 23:58:13
60.5,10.0,25.5,75.0,2026-01-01 00:36:04
60.5,10.0,25.5,75.0,2026-01-01 00:54:49
60.5,10.0,25.5,75.0,2026-01-01 01:21:49
60.5,10.0,25.5,75.0,2026-01-01 01:42:55
60.5,10.0,25.5,75.0,2026-01-01 01:57:16
60.5,10.0,25.5,75.0,2026-01-01 02:39:53
60.5,10.0,25.5,75.0,2026-01-01 02:57:26
60.5,10.0,25.5,75.0,2026-01-01 03:23:14
60.5,10.0,25.5,75.0,2026-01-01 03:39:03
60.5,10.0,25.5,75.0,2026-01-01 03:51:04
60.5,10.0,25.5,75.0,2026-01-01 04:27:21
60.5,10.0,25.5,75.0,2026-01-01 04:46:10
60.5,10.0,25.5,75.0,2026-01-01 04:58:01
60.5,10.0,25.5,75.0,2026-01-01 05:27:13
60.5,10.0,25.5,75.0,2026-01-01 05:43:10
60.5,10.0,25.5,75.0,2026-01-01 05:57:07
60.5,10.0,25.5,75.0,2026-01-01 06:28:17
60.5,10.0,25.5,75.0,2026-01-01 06:47:07
60.5,10.0,25.5,75.0,2026-01-01 06:58:40
60.5,10.0,25.5,75.0,2026-01-01 07:28:01
60.5,10.0,25.5,75.0,2026-01-01 07:44:31
60.5,10.0,25.5,75.0,2026-01-01 07:56:52
60.5,10.0,25.5,75.0,2026-01-01 10:29:10
60.5,10.0,25.5,75.0,2026-01-01 12:02:33
60.5,10.0,25.5,75.0,2026-01-01 12:55:45
60.5,10.0,25.5,75.0,2026-01-01 13:31:43
60.5,10.0,25.5,75.0,2026-01-01 13:54:28
60.5,10.0,25.5,75.0,2026-01-01 14:39:09
60.5,10.0,25.5,75.0,2026-01-01 15:01:20
60.5,10.0,25.5,75.0,2026-01-01 15:33:38
60.5,10.0,25.5,75.0,2026-01-01 15:49:39
60.5,10.0,25.5,75.0,2026-01-01 16:15:13
60.5,10.0,25.5,75.0,2026-01-01 16:46:53
60.5,10.0,25.5,75.0,2026-01-01 17:02:37
60.5,10.0,25.5,75.0,2026-01-01 17:37:04
60.5,10.0,25.5,75.0,2026-01-01 17:52:39
60.5,10.0,25.5,75.0,2026-01-01 18:26:55
60.5,10.0,25.5,75.0,2026-01-01 18:48:51
60.5,10.0,25.5,75.0,2026-01-01 19:00:01
60.5,10.0,25.5,75.0,2026-01-01 19:26:24
60.5,10.0,25.5,75.0,2026-01-01 19:42:24
60.5,10.0,25.5,75.0,2026-01-01 19:57:25
60.5,10.0,25.5,75.0,2026-01-01 20:59:31
60.5,10.0,25.5,75.0,2026-01-01 21:39:48
60.5,10.0,25.5,75.0,2026-01-01 21:55:40
60.5,10.0,25.5,75.0,2026-01-01 22:24:06
60.5,10.0,25.5,75.0,2026-01-01 22:45:45
60.5,10.0,25.5,75.0,2026-01-01 22:57:21
60.5,10.0,25.5,75.0,2026-01-01 23:30:20
60.5,10.0,25.5,75.0,2026-01-01 23:47:14
60.5,10.0,25.5,75.0,2026-01-01 23:59:08
60.5,10.0,25.5,75.0,2026-01-02 00:37:39
60.5,10.0,25.5,75.0,2026-01-02 00:57:11
60.5,10.0,25.5,75.0,2026-01-02 01:27:09
60.5,10.0,25.5,75.0,2026-01-02 01:45:34
60.5,10.0,25.5,75.0,2026-01-02 01:57:29
60.5,10.0,25.5,75.0,2026-01-02 02:41:06
60.5,10.0,25.5,75.0,2026-01-02 03:00:47
60.5,10.0,25.5,75.0,2026-01-02 03:27:06
60.5,10.0,25.5,75.0,2026-01-02 03:42:40
60.5,10.0,25.5,75.0,2026-01-02 03:57:06
60.5,10.0,25.5,75.0,2026-01-02 04:32:22
60.5,10.0,25.5,75.0,2026-01-02 04:52:01
60.5,10.0,25.5,75.0,2026-01-02 05:22:43
60.5,10.0,25.5,75.0,2026-01-02 05:42:08
60.5,10.0,25.5,75.0,2026-01-02 05:57:25
60.5,10.0,25.5,75.0,2026-01-02 06:28:56
60.5,10.0,25.5,75.0,2026-01-02 06:47:32
60.5,10.0,25.5,75.0,2026-01-02 06:59:10
60.5,10.0,25.5,75.0,2026-01-02 07:28:57
60.5,10.0,25.5,75.0,2026-01-02 07:45:08
60.5,10.0,25.5,75.0,2026-01-02 07:57:28
60.5,10.0,25.5,75.0,2026-01-02 10:23:18
60.5,10.0,25.5,75.0,2026-01-02 11:52:00
60.5,10.0,25.5,75.0,2026-01-02 12:44:26
60.5,10.0,25.5,75.0,2026-01-02 13:14:48
60.5,10.0,25.5,75.0,2026-01-02 13:44:42
60.5,10.0,25.5,75.0,2026-01-02 13:58:16
60.5,10.0,25.5,75.0,2026-01-02 14:47:23
60.5,10.0,25.5,75.0,2026-01-02 15:13:37
60.5,10.0,25.5,75.0,2026-01-02 15:39:46
60.5,10.0,25.5,75.0,2026-01-02 15:52:19
60.5,10.0,25.5,75.0,2026-01-02 16:34:17
60.5,10.0,25.5,75.0,2026-01-02 16:57:41
60.5,10.0,25.5,75.0,2026-01-02 17:33:24
60.5,10.0,25.5,75.0,2026-01-02 17:52:29
60.5,10.0,25.5,75.0,2026-01-02 18:26:18
60.5,10.0,25.5,75.0,2026-01-02 18:47:33
60.5,10.0,25.5,75.0,2026-01-02 18:59:02
60.5,10.0,25.5,75.0,2026-01-02 19:26:25
60.5,10.0,25.5,75.0,2026-01-02 19:42:00
60.5,10.0,25.5,75.0,2026-01-02 19:57:25
60.5,10.0,25.5,75.0,2026-01-02 20:58:03
60.5,10.0,25.5,75.0,2026-01-02 21:38:36
60.5,10.0,25.5,75.0,2026-01-02 21:54:39
60.5,10.0,25.5,75.0,2026-01-02 22:24:45
60.5,10.0,25.5,75.0,2026-01-02 22:46:51
60.5,10.0,25.5,75.0,2026-01-02 22:58:18
60.5,10.0,25.5,75.0,2026-01-02 23:31:09
60.5,10.0,25.5,75.0,2026-01-02 23:51:09
60.5,10.0,25.5,75.0,2026-01-03 00:30:11
60.5,10.0,25.5,75.0,2026-01-03 00:53:44
60.5,10.0,25.5,75.0,2026-01-03 01:20:53
60.5,10.0,25.5,75.0,2026-01-03 01:43:33
60.5,10.0,25.5,75.0,2026-01-03 01:56:51
60.5,10.0,25.5,75.0,2026-01-03 02:38:41
60.5,10.0,25.5,75.0,2026-01-03 02:57:06
60.5,10.0,25.5,75.0,2026-01-03 03:19:17
60.5,10.0,25.5,75.0,2026-01-03 03:31:21
60.5,10.0,25.5,75.0,2026-01-03 03:47:24
60.5,10.0,25.5,75.0,2026-01-03 03:58:53
60.5,10.0,25.5,75.0,2026-01-03 04:32:24
60.5,10.0,25.5,75.0,2026-01-03 04:51:53
60.5,10.0,25.5,75.0,2026-01-03 05:18:51
60.5,10.0,25.5,75.0,2026-01-03 05:32:46
60.5,10.0,25.5,75.0,2026-01-03 05:47:28
60.5,10.0,25.5,75.0,2026-01-03 05:58:44
60.5,10.0,25.5,75.0,2026-01-03 06:30:43
60.5,10.0,25.5,75.0,2026-01-03 06:52:06
60.5,10.0,25.5,75.0,2026-01-03 07:22:17
60.5,10.0,25.5,75.0,2026-01-03 07:41:33
60.5,10.0,25.5,75.0,2026-01-03 07:57:11
60.5,10.0,25.5,75.0,2026-01-03 10:08:56
60.5,10.0,25.5,75.0,2026-01-03 11:38:44
60.5,10.0,25.5,75.0,2026-01-03 12:18:47
60.5,10.0,25.5,75.0,2026-01-03 12:48:39
60.5,10.0,25.5,75.0,2026-01-03 13:11:16
60.5,10.0,25.5,75.0,2026-01-03 13:41:19
60.5,10.0,25.5,75.0,2026-01-03 13:56:59
60.5,10.0,25.5,75.0,2026-01-03 14:41:11
60.5,10.0,25.5,75.0,2026-01-03 15:00:52
60.5,10.0,25.5,75.0,2026-01-03 15:30:19
60.5,10.0,25.5,75.0,2026-01-03 15:44:55
60.5,10.0,25.5,75.0,2026-01-03 15:56:54
60.5,10.0,25.5,75.0,2026-01-03 16:35:12
60.5,10.0,25.5,75.0,2026-01-03 16:54:53
60.5,10.0,25.5,75.0,2026-01-03 17:24:21
60.5,10.0,25.5,75.0,2026-01-03 17:42:33
60.5,10.0,25.5,75.0,2026-01-03 17:57:29
60.5,10.0,25.5,75.0,2026-01-03 18:29:54
60.5,10.0,25.5,75.0,2026-01-03 18:47:38
60.5,10.0,25.5,75.0,2026-01-03 18:59:07
60.5,10.0,25.5,75.0,2026-01-03 19:24:41
60.5,10.0,25.5,75.0,2026-01-03 19:40:11
60.5,10.0,25.5,75.0,2026-01-03 19:51:41
60.5,10.0,25.5,75.0,2026-01-03 20:47:09
60.5,10.0,25.5,75.0,2026-01-03 21:21:12
60.5,10.0,25.5,75.0,2026-01-03 21:46:28
60.5,10.0,25.5,75.0,2026-01-03 21:57:41
60.5,10.0,25.5,75.0,2026-01-03 22:27:39
60.5,10.0,25.5,75.0,2026-01-03 22:45:18
60.5,10.0,25.5,75.0,2026-01-03 22:57:24
60.5,10.0,25.5,75.0,2026-01-03 23:27:30
60.5,10.0,25.5,75.0,2026-01-03 23:44:03
60.5,10.0,25.5,75.0,2026-01-03 23:56:58
60.5,10.0,25.5,75.0,2026-01-04 00:33:17
60.5,10.0,25.5,75.0,2026-01-04 00:53:44
60.5,10.0,25.5,75.0,2026-01-04 01:20:27
60.5,10.0,25.5,75.0,2026-01-04 01:38:42
60.5,10.0,25.5,75.0,2026-01-04 01:49:59
60.5,10.0,25.5,75.0,2026-01-04 02:14:59
60.5,10.0,25.5,75.0,2026-01-04 02:46:29
60.5,10.0,25.5,75.0,2026-01-04 02:59:38
60.5,10.0,25.5,75.0,2026-01-04 03:23:38
60.5,10.0,25.5,75.0,2026-01-04 03:39:20
60.5,10.0,25.5,75.0,2026-01-04 03:51:17
60.5,10.0,25.5,75.0,2026-01-04 04:26:50
60.5,10.0,25.5,75.0,2026-01-04 04:45:36
60.5,10.0,25.5,75.0,2026-01-04 04:57:33
60.5,10.0,25.5,75.0,2026-01-04 05:26:08
60.5,10.0,25.5,75.0,2026-01-04 05:41:48
60.5,10.0,25.5,75.0,2026-01-04 05:56:50
60.5,10.0,25.5,75.0,2026-01-04 06:26:36
60.5,10.0,25.5,75.0,2026-01-04 06:45:28
60.5,10.0,25.5,75.0,2026-01-04 06:57:22
60.5,10.0,25.5,75.0,2026-01-04 07:27:19
60.5,10.0,25.5,75.0,2026-01-04 07:43:24
60.5,10.0,25.5,75.0,2026-01-04 07:57:17
60.5,10.0,25.5,75.0,2026-01-04 10:34:19
60.5,10.0,25.5,75.0,2026-01-04 12:04:16
60.5,10.0,25.5,75.0,2026-01-04 12:56:55
60.5,10.0,25.5,75.0,2026-01-04 13:32:56
60.5,10.0,25.5,75.0,2026-01-04 13:54:06
60.5,10.0,25.5,75.0,2026-01-04 14:36:52
60.5,10.0,25.5,75.0,2026-01-04 14:58:51
60.5,10.0,25.5,75.0,2026-01-04 15:29:32
60.5,10.0,25.5,75.0,2026-01-04 15:44:57
60.5,10.0,25.5,75.0,2026-01-04 15:57:26
60.5,10.0,25.5,75.0,2026-01-04 16:37:29
60.5,10.0,25.5,75.0,2026-01-04 16:55:09
60.5,10.0,25.5,75.0,2026-01-04 17:23:25
60.5,10.0,25.5,75.0,2026-01-04 17:42:01
60.5,10.0,25.5,75.0,2026-01-04 17:57:16
60.5,10.0,25.5,75.0,2026-01-04 18:28:46
60.5,10.0,25.5,75.0,2026-01-04 18:46:52
60.5,10.0,25.5,75.0,2026-01-04 18:58:05
60.5,10.0,25.5,75.0,2026-01-04 19:24:21
60.5,10.0,25.5,75.0,2026-01-04 19:39:54
60.5,10.0,25.5,75.0,2026-01-04 19:51:48
60.5,10.0,25.5,75.0,2026-01-04 20:48:08
60.5,10.0,25.5,75.0,2026-01-04 21:22:36
60.5,10.0,25.5,75.0,2026-01-04 21:47:00
60.5,10.0,25.5,75.0,2026-01-04 21:58:23
60.5,10.0,25.5,75.0,2026-01-04 22:27:16
60.5,10.0,25.5,75.0,2026-01-04 22:44:25
60.5,10.0,25.5,75.0,2026-01-04 22:57:07
60.5,10.0,25.5,75.0,2026-01-04 23:26:52
60.5,10.0,25.5,75.0,2026-01-04 23:43:08
60.5,10.0,25.5,75.0,2026-01-04 23:57:14
60.5,10.0,25.5,75.0,2026-01-05 00:34:00
60.5,10.0,25.5,75.0,2026-01-05 00:53:19
60.5,10.0,25.5,75.0,2026-01-05 01:20:53
60.5,10.0,25.5,75.0,2026-01-05 01:42:23
60.5,10.0,25.5,75.0,2026-01-05 01:56:59
60.5,10.0,25.5,75.0,2026-01-05 02:38:06
60.5,10.0,25.5,75.0,2026-01-05 02:56:17
60.5,10.0,25.5,75.0,2026-01-05 03:20:16
60.5,10.0,25.5,75.0,2026-01-05 03:33:15
60.5,10.0,25.5,75.0,2026-01-05 03:47:08
60.5,10.0,25.5,75.0,2026-01-05 03:58:39
60.5,10.0,25.5,75.0,2026-01-05 04:32:44
60.5,10.0,25.5,75.0,2026-01-05 04:51:29
60.5,10.0,25.5,75.0,2026-01-05 05:22:07
60.5,10.0,25.5,75.0,2026-01-05 05:41:38
60.5,10.0,25.5,75.0,2026-01-05 05:56:54
60.5,10.0,25.5,75.0,2026-01-05 06:27:30
60.5,10.0,25.5,75.0,2026-01-05 06:46:58
60.5,10.0,25.5,75.0,2026-01-05 06:58:24
60.5,10.0,25.5,75.0,2026-01-05 07:27:51
60.5,10.0,25.5,75.0,2026-01-05 07:44:24
60.5,10.0,25.5,75.0,2026-01-05 07:56:52
60.5,10.0,25.5,75.0,2026-01-05 10:28:53
60.5,10.0,25.5,75.0,2026-01-05 12:08:27
60.5,10.0,25.5,75.0,2026-01-05 13:05:40
60.5,10.0,25.5,75.0,2026-01-05 13:49:33
60.5,10.0,25.5,75.0,2026-01-05 14:21:13
60.5,10.0,25.5,75.0,2026-01-05 15:03:19
60.5,10.0,25.5,75.0,2026-01-05 15:40:33
60.5,10.0,25.5,75.0,2026-01-05 15:58:22
0.0,0.0,0.0,162.7,2026-01-05 16:46:54
0.0,0.0,0.0,162.7,2026-01-05 17:18:29
0.0,0.0,0.0,162.7,2026-01-05 17:50:35
0.0,0.0,0.0,162.7,2026-01-05 18:29:38
0.0,0.0,0.0,162.7,2026-01-05 18:53:55
0.0,0.0,0.0,162.7,2026-01-05 19:23:25
0.0,0.0,0.0,162.7,2026-01-05 19:42:59
0.0,0.0,0.0,162.7,2026-01-05 19:57:15
0.0,0.0,0.0,162.7,2026-01-05 21:03:47
0.0,0.0,0.0,162.7,2026-01-05 21:50:33
0.0,0.0,0.0,162.7,2026-01-05 22:28:33
0.0,0.0,0.0,162.7,2026-01-05 22:53:59
0.0,0.0,0.0,162.7,2026-01-05 23:28:26
0.0,0.0,0.0,162.7,2026-01-05 23:49:51
0.0,0.0,0.0,162.7,2026-01-06 00:14:59
0.0,0.0,0.0,162.7,2026-01-06 00:47:31
0.0,0.0,0.0,162.7,2026-01-06 01:13:01
0.0,0.0,0.0,162.7,2026-01-06 01:41:56
0.0,0.0,0.0,162.7,2026-01-06 01:57:56
0.0,0.0,0.0,162.7,2026-01-06 02:46:14
0.0,0.0,0.0,162.7,2026-01-06 03:10:43
0.0,0.0,0.0,162.7,2026-01-06 03:34:54
0.0,0.0,0.0,162.7,2026-01-06 03:48:03
0.0,0.0,0.0,162.7,2026-01-06 03:59:31
0.0,0.0,0.0,162.7,2026-01-06 04:35:44
0.0,0.0,0.0,162.7,2026-01-06 04:53:33
0.0,0.0,0.0,162.7,2026-01-06 05:25:21
0.0,0.0,0.0,162.7,2026-01-06 05:44:09
0.0,0.0,0.0,162.7,2026-01-06 05:56:53
0.0,0.0,0.0,162.7,2026-01-06 06:28:51
0.0,0.0,0.0,162.7,2026-01-06 06:49:02
0.0,0.0,0.0,162.7,2026-01-06 07:00:24
0.0,0.0,0.0,162.7,2026-01-06 07:29:23
0.0,0.0,0.0,162.7,2026-01-06 07:46:05
0.0,0.0,0.0,162.7,2026-01-06 07:57:37
0.0,0.0,0.0,162.7,2026-01-06 10:23:00
0.0,0.0,0.0,162.7,2026-01-06 11:50:39
0.0,0.0,0.0,162.7,2026-01-06 12:42:34
0.0,0.0,0.0,162.7,2026-01-06 13:13:48
0.0,0.0,0.0,162.7,2026-01-06 13:45:15
0.0,0.0,0.0,162.7,2026-01-06 13:58:18
0.0,0.0,0.0,162.7,2026-01-06 14:48:55
0.0,0.0,0.0,162.7,2026-01-06 15:15:46
0.0,0.0,0.0,162.7,2026-01-06 15:42:12
0.0,0.0,0.0,162.7,2026-01-06 15:57:28
0.0,0.0,0.0,162.7,2026-01-06 16:41:38
0.0,0.0,0.0,162.7,2026-01-06 17:13:59
0.0,0.0,0.0,162.7,2026-01-06 17:43:55
0.0,0.0,0.0,162.7,2026-01-06 17:58:17
0.0,0.0,0.0,162.7,2026-01-06 18:34:37
0.0,0.0,0.0,162.7,2026-01-06 18:55:10
0.0,0.0,0.0,162.7,2026-01-06 19:22:31
0.0,0.0,0.0,162.7,2026-01-06 19:42:36
0.0,0.0,0.0,162.7,2026-01-06 19:57:03
0.0,0.0,0.0,162.7,2026-01-06 20:59:47
0.0,0.0,0.0,162.7,2026-01-06 21:45:04
0.0,0.0,0.0,162.7,2026-01-06 22:00:41
0.0,0.0,0.0,162.7,2026-01-06 22:38:01
0.0,0.0,0.0,162.7,2026-01-06 22:56:56
0.0,0.0,0.0,162.7,2026-01-06 23:31:30
0.0,0.0,0.0,162.7,2026-01-06 23:53:27
0.0,0.0,0.0,162.7,2026-01-07 00:34:26
0.0,0.0,0.0,162.7,2026-01-07 00:59:47
0.0,0.0,0.0,162.7,2026-01-07 01:33:06
0.0,0.0,0.0,162.7,2026-01-07 01:53:15
0.0,0.0,0.0,162.7,2026-01-07 02:36:52
0.0,0.0,0.0,162.7,2026-01-07 02:57:39
0.0,0.0,0.0,162.7,2026-01-07 03:24:33
0.0,0.0,0.0,162.7,2026-01-07 03:41:27
0.0,0.0,0.0,162.7,2026-01-07 03:57:25
0.0,0.0,0.0,162.7,2026-01-07 04:33:32
0.0,0.0,0.0,162.7,2026-01-07 04:51:14
0.0,0.0,0.0,162.7,2026-01-07 05:24:59
0.0,0.0,0.0,162.7,2026-01-07 05:44:08
0.0,0.0,0.0,162.7,2026-01-07 05:57:19
0.0,0.0,0.0,162.7,2026-01-07 06:30:49
0.0,0.0,0.0,162.7,2026-01-07 06:53:11
0.0,0.0,0.0,162.7,2026-01-07 07:24:30
0.0,0.0,0.0,162.7,2026-01-07 07:42:38
0.0,0.0,0.0,162.7,2026-01-07 07:56:49
0.0,0.0,0.0,162.7,2026-01-07 10:12:09
0.0,0.0,0.0,162.7,2026-01-07 11:48:51
0.0,0.0,0.0,162.7,2026-01-07 12:30:20
0.0,0.0,0.0,162.7,2026-01-07 13:01:22
0.0,0.0,0.0,162.7,2026-01-07 13:39:56
0.0,0.0,0.0,162.7,2026-01-07 13:55:50
0.0,0.0,0.0,162.7,2026-01-07 14:40:08
0.0,0.0,0.0,162.7,2026-01-07 15:02:47
0.0,0.0,0.0,162.7,2026-01-07 15:36:15
0.0,0.0,0.0,162.7,2026-01-07 15:52:31
0.0,0.0,0.0,162.7,2026-01-07 16:36:00
0.0,0.0,0.0,162.7,2026-01-07 17:01:12
0.0,0.0,0.0,162.7,2026-01-07 17:40:45
0.0,0.0,0.0,162.7,2026-01-07 17:59:11
0.0,0.0,0.0,162.7,2026-01-07 18:35:55
0.0,0.0,0.0,162.7,2026-01-07 18:55:09
0.0,0.0,0.0,162.7,2026-01-07 19:23:56
0.0,0.0,0.0,162.7,2026-01-07 19:43:07
0.0,0.0,0.0,162.7,2026-01-07 19:56:51
0.0,0.0,0.0,162.7,2026-01-07 21:00:21
0.0,0.0,0.0,162.7,2026-01-07 21:47:41
0.0,0.0,0.0,162.7,2026-01-07 22:11:39
0.0,0.0,0.0,162.7,2026-01-07 22:45:44
0.0,0.0,0.0,162.7,2026-01-07 23:01:25
0.0,0.0,0.0,162.7,2026-01-07 23:38:49
0.0,0.0,0.0,162.7,2026-01-07 23:57:19
0.0,0.0,0.0,162.7,2026-01-08 00:41:00
0.0,0.0,0.0,162.7,2026-01-08 01:13:58
0.0,0.0,0.0,162.7,2026-01-08 01:45:53
0.0,0.0,0.0,162.7,2026-01-08 01:58:41
0.0,0.0,0.0,162.7,2026-01-08 02:47:39
0.0,0.0,0.0,162.7,2026-01-08 03:11:05
0.0,0.0,0.0,162.7,2026-01-08 03:34:48
0.0,0.0,0.0,162.7,2026-01-08 03:48:29
0.0,0.0,0.0,162.7,2026-01-08 04:00:16
0.0,0.0,0.0,162.7,2026-01-08 04:36:00
0.0,0.0,0.0,162.7,2026-01-08 04:55:03
0.0,0.0,0.0,162.7,2026-01-08 05:24:21
0.0,0.0,0.0,162.7,2026-01-08 05:43:39
0.0,0.0,0.0,162.7,2026-01-08 05:57:18
0.0,0.0,0.0,162.7,2026-01-08 06:29:42
0.0,0.0,0.0,162.7,2026-01-08 06:49:07
0.0,0.0,0.0,162.7,2026-01-08 07:00:30
0.0,0.0,0.0,162.7,2026-01-08 07:31:42
0.0,0.0,0.0,162.7,2026-01-08 07:49:42
0.0,0.0,0.0,162.7,2026-01-08 08:49:30
0.0,0.0,0.0,162.7,2026-01-08 10:50:45
0.0,0.0,0.0,162.7,2026-01-08 12:03:01
0.0,0.0,0.0,162.7,2026-01-08 12:50:04
0.0,0.0,0.0,162.7,2026-01-08 13:16:11
0.0,0.0,0.0,162.7,2026-01-08 13:45:07
0.0,0.0,0.0,162.7,2026-01-08 13:58:23
0.0,0.0,0.0,162.7,2026-01-08 14:48:33
0.0,0.0,0.0,162.7,2026-01-08 15:14:26
0.0,0.0,0.0,162.7,2026-01-08 15:41:07
0.0,0.0,0.0,162.7,2026-01-08 15:56:57
0.0,0.0,0.0,162.7,2026-01-08 16:40:07
0.0,0.0,0.0,162.7,2026-01-08 17:02:19
0.0,0.0,0.0,162.7,2026-01-08 17:40:49
0.0,0.0,0.0,162.7,2026-01-08 17:59:49
0.0,0.0,0.0,162.7,2026-01-08 18:36:54
0.0,0.0,0.0,162.7,2026-01-08 18:55:57
0.0,0.0,0.0,162.7,2026-01-08 19:25:23
0.0,0.0,0.0,162.7,2026-01-08 19:44:02
0.0,0.0,0.0,162.7,2026-01-08 19:56:50
0.0,0.0,0.0,162.7,2026-01-08 21:00:53
0.0,0.0,0.0,162.7,2026-01-08 21:50:56
0.0,0.0,0.0,162.7,2026-01-08 22:29:19
0.0,0.0,0.0,162.7,2026-01-08 22:55:04
0.0,0.0,0.0,162.7,2026-01-08 23:30:25
0.0,0.0,0.0,162.7,2026-01-08 23:53:37
0.0,0.0,0.0,162.7,2026-01-09 00:35:15
0.0,0.0,0.0,162.7,2026-01-09 01:01:36
0.0,0.0,0.0,162.7,2026-01-09 01:41:00
0.0,0.0,0.0,162.7,2026-01-09 01:59:22
0.0,0.0,0.0,162.7,2026-01-09 02:42:00
0.0,0.0,0.0,162.7,2026-01-09 03:02:27
0.0,0.0,0.0,162.7,2026-01-09 03:30:23
0.0,0.0,0.0,162.7,2026-01-09 03:45:32
0.0,0.0,0.0,162.7,2026-01-09 03:57:17
0.0,0.0,0.0,162.7,2026-01-09 04:34:21
0.0,0.0,0.0,162.7,2026-01-09 04:53:22
0.0,0.0,0.0,162.7,2026-01-09 05:26:22
0.0,0.0,0.0,162.7,2026-01-09 05:45:21
0.0,0.0,0.0,162.7,2026-01-09 05:57:21
0.0,0.0,0.0,162.7,2026-01-09 06:31:06
0.0,0.0,0.0,162.7,2026-01-09 06:53:07
0.0,0.0,0.0,162.7,2026-01-09 07:21:19
0.0,0.0,0.0,162.7,2026-01-09 07:41:40
0.0,0.0,0.0,162.7,2026-01-09 07:57:00
0.0,0.0,0.0,162.7,2026-01-09 10:20:23
0.0,0.0,0.0,162.7,2026-01-09 11:50:06
0.0,0.0,0.0,162.7,2026-01-09 12:30:45
0.0,0.0,0.0,162.7,2026-01-09 13:02:13
0.0,0.0,0.0,162.7,2026-01-09 13:40:31
0.0,0.0,0.0,162.7,2026-01-09 13:58:38
0.0,0.0,0.0,162.7,2026-01-09 14:48:52
0.0,0.0,0.0,162.7,2026-01-09 15:15:20
