Rainfall Amount (mm),River Water Level (meters),Soil Moisture Content (%),Temperature (Â°C),Relative Humidity (%),Wind Speed (km/h),Topography (elevation in meters),Urbanization Rate (%),Drainage System Capacity (cubic meters/second),Previous Flood History,Latitude,Longitude,Location Name,Flood Event
197.9952138102537,9.088437184127384,32.26588799852384,27.01901470135042,63.551027537350485,26.904796279600845,4.0147087715330265,58.67171662232342,133.1851958045484,1,13.041127590039414,80.23296882935388,T. Nagar,1
32.367428097991336,9.608346580630002,55.52797454427776,30.08112020450276,62.0422509852699,20.79296106603216,9.59313353024733,22.774099334728646,364.2369827705074,0,12.90525732909074,80.09465375529629,Mudichur,1
162.80882494747453,7.851529120231378,25.46677891428787,27.323076078601485,60.51565213724341,4.9889320841698925,7.988116766375567,67.78949696185212,208.4669760644008,1,13.034354944027054,80.26015750322057,Mylapore,1
290.9729556485983,2.16896984398474,48.5916150248414,21.156548660028125,68.63882701963348,6.089561103680725,4.805038888310257,67.36532695846353,208.66657103129788,1,12.980895461979005,80.2189294447525,Velachery,0
27.08693101632249,8.820414102298896,55.24486850307916,26.68189888233632,64.58707294917684,10.10309992157014,5.313490543946635,54.68681788063412,42.10563235659126,1,13.033509082129536,80.25984177517478,Mylapore,1
107.02599800807678,9.295293167921905,77.39094317861198,21.682502096395417,72.0217827701816,2.7062263980558354,2.3908603724503874,81.74532636181662,214.40488508017148,0,13.006693474330728,80.25836006515057,Adyar,1
107.02599800807678,9.295293167921905,77.39094317861198,21.682502096395417,72.0217827701816,2.7062263980558354,2.3908603724503874,81.74532636181662,214.40488508017148,0,13.006693474330728,80.25836006515057,Adyar,1
11.06608420635984,0.7695644698663273,11.518450603303572,29.962924209374485,60.14834639826534,27.81304727549876,4.262874099366184,29.824579870551272,403.0620757202221,0,13.033766737530192,80.25997445358347,Mylapore,0
46.7983561008608,0.6724963146324858,50.87461572167966,31.106166664535422,84.2685678260255,39.50994843359029,0.9523711532488276,91.21509530115888,99.44610888372408,0,13.005859867793893,80.25808423784628,Adyar,0
179.36999364332553,9.037197397459334,95.58573499498549,21.82711071322045,87.61599461654407,30.7948669549589,3.0870655296163863,27.15510954247814,335.84492880542683,1,13.032788885921512,80.26029308556464,Mylapore,1
244.63842853645025,9.615701545414986,88.05604649162183,22.67762415363497,79.27931147896457,31.6918141098328,8.487281802456915,89.80877551269836,188.63446633288007,0,13.033425235353825,80.2607817494896,Mylapore,1
107.53971856328178,6.304479368667911,99.49607106829114,33.29828172681891,74.99810098829596,34.13533932526365,4.619395418067974,71.28923026989064,22.1259856576348,0,13.049216825503686,80.22533511547704,Kodambakkam,0
87.36874205941257,8.310484552361904,65.66322335614731,21.490546280675343,60.55044844224244,1.2283616338509962,7.563724180199616,68.5467145913117,56.112157914144255,1,13.03400731571876,80.25999469620348,Mylapore,1
58.79485872574356,5.844760689557688,15.25207230825298,22.872425494578536,64.40300602164436,38.25148984449309,6.281868847065294,53.794577915190246,120.14616001508332,1,13.048137951260587,80.2258990412473,Kodambakkam,0
32.367428097991336,9.608346580630002,55.52797454427776,30.08112020450276,62.0422509852699,20.79296106603216,9.59313353024733,22.774099334728646,364.2369827705074,0,12.90525732909074,80.09465375529629,Mudichur,1
128.2623055075649,8.621915174216833,46.15421818416388,24.138550042836595,60.4446976417743,32.47085500577248,7.007151910395336,11.2249992587386,282.92254770935546,1,12.905496891043956,80.09594174480107,Mudichur,1
212.42177333881364,8.966712930403421,12.976713232795506,20.58859408326903,83.57217446761565,23.859998855292943,5.016982604513956,53.71701279487075,413.6566138879248,1,12.98162344149247,80.21774681414385,Velachery,1
85.45214831324029,7.99795884570618,96.64932878562182,22.696975404438263,74.04950851476728,16.0954839721942,0.922818582526812,48.10424481098726,445.3821732250466,1,13.072592089758531,80.22281154963872,Aminjikarai,1
266.1259272795352,0.1632850268370789,44.04206574311156,21.25351112400485,69.78439603966514,2.196067973078768,1.1504917060155606,91.54076488518004,418.2735903095989,0,13.040252926733755,80.23436123881558,T. Nagar,0
55.02135295603014,7.583786538361414,32.78720743505667,35.01420622575593,64.14248711338288,31.263432233006565,9.256326993314856,6.007796431325795,440.7836350362478,1,13.039732145281013,80.23381086341121,T. Nagar,1
68.63944964748674,7.2559436421057875,32.82782718311405,31.209408649709125,73.52678288288654,28.023202310617936,0.6622800685174868,98.046645884063,153.93704898001164,0,12.981283061002747,80.21812506943226,Velachery,0
272.4797657899961,6.455702444560039,81.17561469046645,26.74561771929754,80.6823090299595,17.041026379898334,4.360556539450387,80.48784485542389,308.09149530797976,0,12.98084719167704,80.2175731340481,Velachery,0
235.55278841790408,9.527916569719446,54.12748118938634,27.4322409950637,63.85079539530581,15.79451533096542,4.00035818837608,25.50637853166394,445.05577069290354,0,13.071967703298476,80.22294340136881,Aminjikarai,1
36.61147045343365,8.638556059232315,42.4491004437303,28.487256931691427,82.35575852616716,18.008824824981442,2.043658406674144,48.96849123645492,92.6564597896834,0,13.072980460482851,80.22311027451134,Aminjikarai,1
291.5346248162882,2.7282190242446704,95.39749186484566,25.377413331221582,81.12848061167767,24.918547595677268,8.165418290850848,31.09303803440895,40.224257768700255,0,13.07203732128399,80.2223261645928,Aminjikarai,0
268.44820512829466,7.486636198505473,19.5315539394009,23.01652698312192,84.89335291366075,27.663279542838445,6.6531762743341005,91.64190107011056,264.1575635286753,1,12.980436443651303,80.21876730602548,Velachery,0
7.625738023228557,9.729194890231303,32.35721185746739,23.07865331406221,84.25835397396173,0.9597476686388662,9.242774681274668,4.236404709144326,210.1167682363268,0,13.071686421543395,80.22172215591971,Aminjikarai,1
36.61147045343365,8.638556059232315,42.4491004437303,28.487256931691427,82.35575852616716,18.008824824981442,2.043658406674144,48.96849123645492,92.6564597896834,0,13.072980460482851,80.22311027451134,Aminjikarai,1
218.7021504122962,9.493188224156814,77.56883756977167,25.745681775628498,82.61125200558699,1.8809115289087768,8.239702576783149,47.418481226362175,409.0386125869306,1,13.072652825921486,80.22229133456665,Aminjikarai,1
197.9952138102537,9.088437184127384,32.26588799852384,27.01901470135042,63.551027537350485,26.904796279600845,4.0147087715330265,58.67171662232342,133.1851958045484,1,13.041127590039414,80.23296882935388,T. Nagar,1
87.64339456056544,2.735420348156357,46.814868583575546,27.145978264270727,81.89219617135929,36.0276563789093,4.76214606172594,13.417363807828764,253.2658413113119,1,12.981383231750234,80.21910810205452,Velachery,0
218.8818535014192,9.818293898182532,44.45272532420687,34.427091814912714,70.06628665001368,17.594870988084676,3.272938291506172,53.14942783313078,94.36610547969292,0,12.981040099202062,80.2174412717422,Velachery,1
10.31655633456552,5.1737910715411415,93.2470220757873,24.411663951693427,81.30690194358974,11.143068209713473,6.288496512592068,39.70136667776334,259.9924949766549,1,13.033376339852412,80.26090815953619,Mylapore,0
19.515477895583857,5.1820071393066325,32.1456866491868,36.957731715165096,66.43321863899088,38.920836128046105,7.9038773091352175,40.87738294698373,21.381568973899423,1,13.00630627251716,80.25744032700223,Adyar,0
6.175348288740734,9.903389473967044,11.40454580021454,32.81016488489952,68.75702285584968,9.248527751460486,4.425480695011995,20.018988820845617,342.2492732620338,0,13.048339200124856,80.2241127509933,Kodambakkam,1
201.6406642217636,2.775960977317661,30.498355138407486,26.960081098271587,74.83155075699405,15.292130580071053,3.878312168576911,5.975791796039398,442.1621131945675,0,13.048555402218174,80.22482079365398,Kodambakkam,0
259.8528437324805,4.536968445560453,30.94697163511512,28.286689164619865,78.136557865357,16.659178226882176,5.066831083203686,2.519028929050615,53.24765688553018,1,13.048975793833392,80.22493738631958,Kodambakkam,0
95.40104249155917,0.5537432042119794,12.721173220538432,31.419540780320187,71.27708659107063,31.048154267492443,3.27907741769937,55.59376888086067,57.78065680015698,1,12.90476967542817,80.09414014239556,Mudichur,0
97.5990992289793,2.9214752679254885,89.35481911004557,36.41914110013826,75.80596492727037,19.61983488342607,7.777418843829411,30.5188702693029,435.09108925357424,1,13.047546543871473,80.22585317525032,Kodambakkam,0
152.57120734941083,0.8110138998799676,77.55355206360888,28.443136244605498,76.7957089822296,5.860841411750046,2.051845631858653,49.394525566220125,16.47272426561619,0,13.041079236285588,80.23311869864668,T. Nagar,0
128.1323365878769,4.561405668004797,43.5411162838896,32.22333955595801,86.75891556475774,25.06558574018137,3.504629992473487,90.8248379234579,98.00037714036952,1,13.033341284294131,80.26015499470435,Mylapore,0
123.11487691068892,1.3248763475798295,87.60866921523122,34.60534857892771,78.75266276503135,29.418488851956024,0.2319687921187829,79.80790197559975,207.9766573148897,0,12.980515117520032,80.21843650954305,Velachery,0
197.9952138102537,9.088437184127384,32.26588799852384,27.01901470135042,63.551027537350485,26.904796279600845,4.0147087715330265,58.67171662232342,133.1851958045484,1,13.041127590039414,80.23296882935388,T. Nagar,1
19.06750508580709,0.1323685775889949,47.57377373164106,35.21187187215222,84.05031148988263,33.29854407563079,6.2264869683012165,95.65441046882424,16.38795064668169,0,13.03440510581336,80.26005718067806,Mylapore,0
226.6653415629146,0.5342718178682526,14.382126637797567,22.223253017278623,66.02641496395886,39.41636459423479,2.41027158499406,55.09939701854862,115.62747648984424,0,12.981499057764648,80.21793782727913,Velachery,0
191.26724140656395,4.783703070399881,90.5847295859389,29.416214192071315,61.50837315949155,1.904503958771277,5.108552478024135,80.20685238956139,401.4876891819189,1,13.049291046456991,80.22492155753606,Kodambakkam,0
22.21339552022711,7.992025873523917,97.11690099438044,21.19838637150818,68.25303382419978,37.14140431560939,2.2377841734274693,14.043952137105297,110.74508940147886,0,12.906461514651207,80.09504792328053,Mudichur,1
162.80882494747453,7.851529120231378,25.46677891428787,27.323076078601485,60.51565213724341,4.9889320841698925,7.988116766375567,67.78949696185212,208.4669760644008,1,13.034354944027054,80.26015750322057,Mylapore,1
150.80370696865845,3.068100995451961,83.23107847316771,31.73700756738199,68.16254175416867,5.251086683613142,6.407262668615809,58.6277321520618,4.52999976119245,0,13.040249741159046,80.23300571827836,T. Nagar,0
107.02599800807678,9.295293167921905,77.39094317861198,21.682502096395417,72.0217827701816,2.7062263980558354,2.3908603724503874,81.74532636181662,214.40488508017148,0,13.006693474330728,80.25836006515057,Adyar,1
7.625738023228557,9.729194890231303,32.35721185746739,23.07865331406221,84.25835397396173,0.9597476686388662,9.242774681274668,4.236404709144326,210.1167682363268,0,13.071686421543395,80.22172215591971,Aminjikarai,1
270.12541714899913,2.586840668894077,70.53240801668693,31.09326318859428,77.89558288899848,7.120013715396927,4.094663884292883,37.305452930520325,29.51162263455737,1,12.905826830391872,80.09562045571978,Mudichur,0
218.8818535014192,9.818293898182532,44.45272532420687,34.427091814912714,70.06628665001368,17.594870988084676,3.272938291506172,53.14942783313078,94.36610547969292,0,12.981040099202062,80.2174412717422,Velachery,1
74.78766874466248,2.322341421709427,93.17428899586872,21.08327789721106,76.46767785431888,37.401756804804485,4.362110250355684,66.72147067866749,257.71654334316617,0,13.040488840609404,80.23366904597039,T. Nagar,0
162.80882494747453,7.851529120231378,25.46677891428787,27.323076078601485,60.51565213724341,4.9889320841698925,7.988116766375567,67.78949696185212,208.4669760644008,1,13.034354944027054,80.26015750322057,Mylapore,1
102.31990531507756,8.577226441935546,24.42074196881289,36.18094586086066,72.65284019910757,28.47462242211272,9.373194628791325,76.89194362148217,385.80140334717487,1,13.049448789615331,80.22430872543055,Kodambakkam,1
153.22419077326973,3.799269559001205,46.53480897714554,22.71629019917863,77.54498754316211,12.574955644151572,5.634531982582506,92.31590211737402,240.77667731410284,0,13.07260675637052,80.22295820463829,Aminjikarai,0
68.3805487625825,2.6211814923967824,10.709569315759634,34.50425635074106,87.4732025075028,38.21368432044662,7.882562935146533,77.05440616163654,371.4491460403607,1,13.006048541591513,80.256822896014,Adyar,0
189.69174917807385,9.03983954928237,22.011532384144097,27.367680714270826,63.68858499648067,20.464763493118014,9.248125601285809,68.86483169837135,443.56577171570376,0,13.00634619568834,80.25813101425179,Adyar,1
284.665661176,0.2566271805453157,69.92732058032689,33.095041905813034,69.11468701901674,35.945638989305664,0.0617460872804553,29.61277734146933,0.1836718757289301,1,13.049212979682377,80.22570436300063,Kodambakkam,0
186.98943804826737,8.489435553129182,36.35146282964669,33.01608675313561,60.31288469720265,1.2152780975555366,7.810333387881633,29.13888205369028,414.24024525892577,0,13.006809085748168,80.25648173723253,Adyar,1
99.26940745579476,6.178766919175239,23.71192351189574,24.5266523712394,64.611953181254,27.913685902076683,1.229228391052053,3.804468153505791,426.3445028711347,1,12.904806247737673,80.09443787012614,Mudichur,0
17.42508365045984,6.793927734985673,39.403079359143405,34.5827135959635,64.9286640921582,31.5887242755855,6.607855780944403,11.834943401946909,328.41917347599167,1,13.073009730561328,80.22327665740943,Aminjikarai,0
197.9952138102537,9.088437184127384,32.26588799852384,27.01901470135042,63.551027537350485,26.904796279600845,4.0147087715330265,58.67171662232342,133.1851958045484,1,13.041127590039414,80.23296882935388,T. Nagar,1
22.21339552022711,7.992025873523917,97.11690099438044,21.19838637150818,68.25303382419978,37.14140431560939,2.2377841734274693,14.043952137105297,110.74508940147886,0,12.906461514651207,80.09504792328053,Mudichur,1
205.26990795364708,2.77628706294732,73.5917235645681,33.76519916212268,61.59405104360626,20.917590009683728,7.3033724137321245,88.47648222993799,336.50506691742,0,13.071153022621084,80.2218680304569,Aminjikarai,0
182.26345557043152,2.5394164259502583,31.72767580689166,24.727097981538428,87.15226242835806,8.14367529586908,0.8234096421621884,39.66101121260647,153.766019609356,0,12.981149225229254,80.2182406154018,Velachery,0
281.8496824692567,7.653252538069653,32.44780369508061,32.843763064561294,79.96437638572374,11.479417330081493,0.2609502367489047,88.118825140944,98.75955342304272,1,12.904801556002754,80.09512797897833,Mudichur,1
212.0572031542852,2.317016264712045,94.61887204192908,26.14520514861131,81.87306763083508,19.36900990759637,6.767971013369298,32.14729308542053,463.0132533142403,1,12.981144036171589,80.2175637601688,Velachery,0
102.31990531507756,8.577226441935546,24.42074196881289,36.18094586086066,72.65284019910757,28.47462242211272,9.373194628791325,76.89194362148217,385.80140334717487,1,13.049448789615331,80.22430872543055,Kodambakkam,1
90.2634929450309,0.4461230125411408,62.986564897325934,35.92594850059271,78.51377856760126,10.02514604889214,5.707155204218023,19.39907976001973,380.9632557247996,1,12.905898420604233,80.09607303049759,Mudichur,0
96.23401949152075,7.241676366115433,58.72427143814222,25.731946880952574,80.28943050722718,9.035723949134695,1.6696069120289858,6.859683475388434,350.31667232027144,0,13.006468628623846,80.25825875197826,Adyar,0
177.72437065861274,9.473705904889243,80.49109944824318,36.654285329590834,83.07485548734421,6.312843527096232,4.044639337685984,53.39779236287959,422.6822593338815,1,12.905870187301735,80.0943271151844,Mudichur,1
244.63842853645025,9.615701545414986,88.05604649162183,22.67762415363497,79.27931147896457,31.6918141098328,8.487281802456915,89.80877551269836,188.63446633288007,0,13.033425235353825,80.2607817494896,Mylapore,1
203.26930855268472,6.996220542505167,92.78045297003425,34.119016691082315,74.37015150912131,0.4295345718500654,2.0984965413900944,59.09267255335692,310.94119569718254,0,13.073000822968154,80.22313898586638,Aminjikarai,0
96.96087960622656,7.774075618487531,20.41329099943843,21.834780005701543,61.43028349485782,17.74586109652701,5.557007441762885,71.75595002125259,47.06121804275848,0,13.041312708770189,80.23419087894837,T. Nagar,1
242.43611386932508,0.8960303423860538,71.24630330285433,25.81553905389239,85.43607229440585,19.511754906078703,1.4709393270192117,60.12771725737763,422.53881363893726,0,13.041023021263436,80.23449041367537,T. Nagar,0
261.43817705631534,2.453672098528448,73.9475562450111,32.318193800389174,81.44923584593909,8.67051030649952,7.082894400623694,41.30861259038863,102.07213775686304,1,13.039702245352244,80.23376422697054,T. Nagar,0
35.87827378149051,3.685846061296175,34.73412128808369,31.86130018590812,85.1425081003761,11.373707388230883,7.462597582652247,37.82678171051327,491.46323899792776,1,13.041310763952838,80.2337068345417,T. Nagar,0
55.02135295603014,7.583786538361414,32.78720743505667,35.01420622575593,64.14248711338288,31.263432233006565,9.256326993314856,6.007796431325795,440.7836350362478,1,13.039732145281013,80.23381086341121,T. Nagar,1
27.08693101632249,8.820414102298896,55.24486850307916,26.68189888233632,64.58707294917684,10.10309992157014,5.313490543946635,54.68681788063412,42.10563235659126,1,13.033509082129536,80.25984177517478,Mylapore,1
177.72437065861274,9.473705904889243,80.49109944824318,36.654285329590834,83.07485548734421,6.312843527096232,4.044639337685984,53.39779236287959,422.6822593338815,1,12.905870187301735,80.0943271151844,Mudichur,1
59.90213464750792,6.874882763878153,99.04687995559884,31.139924004995542,79.17769733340718,22.924096263675573,8.167334487792012,75.05366534324163,494.5442186148954,0,13.033397009468796,80.26073625648091,Mylapore,0
160.73240522242753,4.569114216457658,88.46071612799436,20.733311757380537,83.37095071948717,39.74009087143805,2.867046720930788,51.44803410895479,332.97995934702845,0,13.006691497377968,80.25691580565409,Adyar,0
23.09397294863789,0.1142745862503102,50.152196139328176,29.91419967152521,81.06693380479629,30.467626202136312,6.542053707716567,58.86621546814742,472.7154851958029,1,13.049275408365515,80.22549494187626,Kodambakkam,0
71.86856720009173,0.3536243575549092,18.751863306918217,30.51697369199693,75.8546948857374,18.965285086188807,4.657856156835981,99.83548770992697,192.1365876211592,0,13.00722644507888,80.2569701903374,Adyar,0
72.61658145345012,6.813925106038379,18.17971588291685,28.74419633133968,80.82009216975368,15.660317827543452,4.388240723983073,84.06409082004778,156.34492174301755,1,13.072882286227395,80.22264902277914,Aminjikarai,0
94.306794322898,3.331451520286419,57.247339802883786,30.05295248979902,76.309173939461,4.832153641563717,7.1808292469192905,22.18240305099961,424.8449382105941,1,13.049083158087452,80.2243690420387,Kodambakkam,0
129.58350559263474,5.883171135536057,20.39358674248733,24.21038652923123,66.44240574769313,31.005532584131902,5.528981679472544,19.32362924745561,90.81119732284417,0,13.049210921168022,80.22569929478135,Kodambakkam,0
249.7327922401265,6.630782031001008,16.12666665772482,35.05537607626653,77.76954301218764,32.749291840843135,5.22236185144515,64.422317792982,191.5331797818848,1,13.033311945357305,80.26112580201826,Mylapore,0
87.36874205941257,8.310484552361904,65.66322335614731,21.490546280675343,60.55044844224244,1.2283616338509962,7.563724180199616,68.5467145913117,56.112157914144255,1,13.03400731571876,80.25999469620348,Mylapore,1
155.63718652300983,2.5942256434535493,61.94262196183076,27.330620468719747,87.96527552565591,11.074030798194222,5.949788501100775,73.81515456910564,246.7892655730884,0,13.039722394964611,80.23356331909245,T. Nagar,0
168.38315927084886,1.89847911902758,46.60600112521735,23.80519626891392,72.04641930713794,12.337257010834524,4.744933078802598,90.03674516042256,58.23162708095808,1,13.041400123934102,80.23429882079782,T. Nagar,0
232.5398470083344,9.40431945252813,99.28101190730268,25.5221963268579,89.07169046374864,12.859996538765168,5.225035134548756,48.345899817102335,76.54844841786141,1,13.00543872260175,80.25709651093405,Adyar,1
93.51332282682328,5.65421311858509,83.34698314332226,31.601897619440265,75.17082631355177,15.14032925024237,3.6623518028067057,90.7898457510628,399.47658200409,0,13.049382929617554,80.2247011751176,Kodambakkam,0
183.55586841671385,6.289818435911487,97.68305915362453,28.939653078256523,63.882358980705305,26.78930087575057,5.870108469723493,4.949974426106774,96.667320383457,0,12.981348347658177,80.21810108827061,Velachery,0
189.9304371819804,8.490383084285108,57.60459361277948,35.61163639510754,67.90103361077873,10.064197994061406,7.576422339692702,19.68520546653137,405.49086580007673,0,12.90543648607258,80.09529127748122,Mudichur,1
269.1330779857731,3.5670689040254286,52.35840542925186,33.439991648496935,66.45684878536741,0.1093070909002813,3.953930279938651,71.37177590011356,280.5604637148874,1,12.980452733948995,80.2190590582885,Velachery,0
186.98943804826737,8.489435553129182,36.35146282964669,33.01608675313561,60.31288469720265,1.2152780975555366,7.810333387881633,29.13888205369028,414.24024525892577,0,13.006809085748168,80.25648173723253,Adyar,1
213.9734361668985,1.3690027168559893,63.30073768856531,20.68401752191438,85.71576412802727,15.253256581804614,4.725122158200579,65.78621337264282,72.02927054542113,1,12.904782573353572,80.09548078965726,Mudichur,0
245.1666600603648,8.155238187685688,13.565397032156596,30.27177515079049,89.6862558667502,19.832151799988868,2.7486363794534743,58.81576704911717,184.2994599717877,1,12.905969462345109,80.09422674994094,Mudichur,1
231.2901539863683,5.11318982546456,59.68704490227738,31.34422458924403,60.41103183639063,18.34785825175732,8.861627368612075,98.32748650501551,81.59085275706035,1,13.049401214293876,80.22525580077898,Kodambakkam,0
132.0457481218804,5.867843464581688,47.33711824002077,28.36813468092897,68.11514683875254,27.86572698935432,0.7914713034721232,70.19775951661971,400.9079335298473,0,13.072271551162547,80.22165756535263,Aminjikarai,0
231.6734307889972,9.774951397444468,55.21505117403353,34.42186121257036,67.22681325014011,39.453364649330645,6.448538880263193,1.6252788677369678,425.599235857502,1,13.006801229503282,80.25665609167793,Adyar,1
12.232542466429177,9.040443929009577,84.69076317430088,25.73163648472454,72.67676904270712,22.364126952596138,6.155674096641257,35.79839368611963,283.33466968151725,1,13.032690892760682,80.26064322537893,Mylapore,1
85.45214831324029,7.99795884570618,96.64932878562182,22.696975404438263,74.04950851476728,16.0954839721942,0.922818582526812,48.10424481098726,445.3821732250466,1,13.072592089758531,80.22281154963872,Aminjikarai,1
158.89517350680194,6.288984390617004,15.49706833601086,26.26044695025361,84.04366398064306,36.68165651385714,8.750138367296778,99.85265777083544,394.5189457309326,1,13.034421854368988,80.26014470768995,Mylapore,0
136.82099526511078,1.856359443059522,67.48855816298763,28.67408874234268,86.78469729490259,13.574129694726867,5.4686199086420375,29.87503108519409,366.0711095698507,0,12.98074640373982,80.217657285611,Velachery,0
207.28132143073972,7.963914745173318,24.44208794988409,34.34856378820153,60.54031080896238,22.2107988421394,2.7220103841668983,25.78216943085364,215.9213253248531,1,13.04042739680988,80.23292967364948,T. Nagar,1
2.085639159357211,2.835188465821666,18.05450905296101,34.85938105038244,62.65401365306601,23.484736598290056,9.061248065488115,42.83785131058563,86.34834307752465,1,13.073072002127647,80.2227871849071,Aminjikarai,0
67.94873255938138,6.360610554471413,45.02212093910672,32.49578789831449,71.60723595911543,17.894231988775626,4.654597640706871,32.89537599189831,379.7251257288214,0,12.905840265195604,80.09495087287723,Mudichur,0
41.84815819561255,8.726506554473954,99.13105014048044,34.38018858400648,71.72810949607036,34.50909754517443,6.381022122755495,10.185461524821648,173.3039053045859,0,13.005495668321302,80.2566583188303,Adyar,1
55.97101766581075,5.573687913239169,40.75283033782589,22.611388737455165,76.28110843753991,36.583297625086935,5.457154411464694,78.98695031091249,442.3110284224213,1,13.040901938262918,80.23359482473364,T. Nagar,0
228.23551458506924,8.221177331942455,90.70850424019687,29.249306368940417,67.4916297181784,19.17551818543128,5.533744652358169,35.94531510216522,449.8258516638344,1,13.07173862727518,80.22167862427968,Aminjikarai,1
162.80882494747453,7.851529120231378,25.46677891428787,27.323076078601485,60.51565213724341,4.9889320841698925,7.988116766375567,67.78949696185212,208.4669760644008,1,13.034354944027054,80.26015750322057,Mylapore,1
146.8358280832689,5.100168523182502,56.79571371137544,20.546358991183485,60.31973266390584,1.6940864280405954,2.4374766012871096,41.44565348056797,176.5374802608043,1,13.073039757653415,80.22339353084925,Aminjikarai,0
217.7867036610718,3.553688484719296,42.59701530454504,30.36284294337012,88.3987047110817,32.81322229925984,1.5058450035302196,45.26535292056957,374.3611532043191,0,13.032690437340213,80.26019773653307,Mylapore,0
107.02599800807678,9.295293167921905,77.39094317861198,21.682502096395417,72.0217827701816,2.7062263980558354,2.3908603724503874,81.74532636181662,214.40488508017148,0,13.006693474330728,80.25836006515057,Adyar,1
104.76287238379828,9.589827218634737,99.8166026195806,31.90435265506944,60.800155479064735,39.97442097352304,3.6028355038737816,74.86060058295779,452.4911597891708,0,13.007032127779,80.2572236818283,Adyar,1
177.72437065861274,9.473705904889243,80.49109944824318,36.654285329590834,83.07485548734421,6.312843527096232,4.044639337685984,53.39779236287959,422.6822593338815,1,12.905870187301735,80.0943271151844,Mudichur,1
1.6566351370807195,3.381589518368457,67.05979279701947,25.66591442320736,72.59333631472485,34.60689620844812,4.455436143294817,44.28730246222125,140.7268636471969,1,13.034581010284,80.25977765434529,Mylapore,0
6.175348288740734,9.903389473967044,11.40454580021454,32.81016488489952,68.75702285584968,9.248527751460486,4.425480695011995,20.018988820845617,342.2492732620338,0,13.048339200124856,80.2241127509933,Kodambakkam,1
162.80882494747453,7.851529120231378,25.46677891428787,27.323076078601485,60.51565213724341,4.9889320841698925,7.988116766375567,67.78949696185212,208.4669760644008,1,13.034354944027054,80.26015750322057,Mylapore,1
6.175348288740734,9.903389473967044,11.40454580021454,32.81016488489952,68.75702285584968,9.248527751460486,4.425480695011995,20.018988820845617,342.2492732620338,0,13.048339200124856,80.2241127509933,Kodambakkam,1
166.5602434798387,1.5941446344895591,15.394986842461591,27.67768712489064,88.54465928705267,0.3212505345629557,2.2836058987671457,3.4267040352229494,109.63969260153378,0,13.03982523387869,80.23467992046479,T. Nagar,0
102.31990531507756,8.577226441935546,24.42074196881289,36.18094586086066,72.65284019910757,28.47462242211272,9.373194628791325,76.89194362148217,385.80140334717487,1,13.049448789615331,80.22430872543055,Kodambakkam,1
156.02040635334325,1.8327983621407864,98.69422848789678,25.674694387174867,74.61719651859617,12.89455369251272,8.248377264620467,70.90508098155446,38.996408937912285,1,13.0402722052756,80.23387983537371,T. Nagar,0
250.5907486767714,4.586039617685858,93.01131836169696,34.701109910200266,71.87698215137229,1.934006618883588,1.2776371488031737,34.01007461241111,486.9466619869348,1,12.905855116160168,80.09543728643985,Mudichur,0
228.23551458506924,8.221177331942455,90.70850424019687,29.249306368940417,67.4916297181784,19.17551818543128,5.533744652358169,35.94531510216522,449.8258516638344,1,13.07173862727518,80.22167862427968,Aminjikarai,1
212.42177333881364,8.966712930403421,12.976713232795506,20.58859408326903,83.57217446761565,23.859998855292943,5.016982604513956,53.71701279487075,413.6566138879248,1,12.98162344149247,80.21774681414385,Velachery,1
34.042056372176724,4.572234533538571,69.50057603572895,29.4737493105682,73.54439567424954,39.46998714226426,0.7578906687266473,85.65674676693013,271.9607499014924,0,12.98237242148896,80.2181622802037,Velachery,0
15.443625374996806,5.775429488313755,55.88264769594257,22.66209581336709,64.40631468000176,22.589748033262538,5.302516308407138,34.86651977183677,95.86205496092282,1,13.040071424172565,80.23319191545677,T. Nagar,0
218.8818535014192,9.818293898182532,44.45272532420687,34.427091814912714,70.06628665001368,17.594870988084676,3.272938291506172,53.14942783313078,94.36610547969292,0,12.981040099202062,80.2174412717422,Velachery,1
295.6951362331802,5.36177494703452,72.45607698410927,35.31600629096997,70.42740842837699,5.737248644333897,4.845309613615499,12.749888176998848,77.21271232730015,1,12.9046863198239,80.09426046749132,Mudichur,0
96.96087960622656,7.774075618487531,20.41329099943843,21.834780005701543,61.43028349485782,17.74586109652701,5.557007441762885,71.75595002125259,47.06121804275848,0,13.041312708770189,80.23419087894837,T. Nagar,1
282.87291117375577,7.786953959411034,28.87749546900716,27.733592822419663,62.59000897058728,33.74579855048636,6.680159200413806,49.096638554047445,194.1665832372263,1,13.006148444018493,80.25757368223604,Adyar,1
22.21339552022711,7.992025873523917,97.11690099438044,21.19838637150818,68.25303382419978,37.14140431560939,2.2377841734274693,14.043952137105297,110.74508940147886,0,12.906461514651207,80.09504792328053,Mudichur,1
34.760717857538914,8.74287966624947,50.66395144027837,27.89374296282521,72.15089008551467,17.819881142309608,3.3837730477252217,83.04763451209595,215.6289234209491,0,13.006157988054747,80.25674463974241,Adyar,1
228.23551458506924,8.221177331942455,90.70850424019687,29.249306368940417,67.4916297181784,19.17551818543128,5.533744652358169,35.94531510216522,449.8258516638344,1,13.07173862727518,80.22167862427968,Aminjikarai,1
219.5981825434216,3.777518392924809,18.96534371991442,29.39398103525125,85.91404408595417,8.192841920915118,4.874503269337921,20.126676576086545,152.63350494864451,0,12.981498453329412,80.2183882614307,Velachery,0
43.46846162736693,4.304024395080612,49.78320739569328,34.726200298111166,80.46915384260214,3.772953787479718,9.3588482660766,84.73076883337349,351.7035153307368,0,13.03952430894938,80.23304674719058,T. Nagar,0
269.16472738599805,4.240322518898419,90.82561214923616,31.49241918220841,81.19270187715671,3.8580196018891177,2.9098313243354204,82.10151951243088,330.78882411491696,0,13.072551439016776,80.22296300544444,Aminjikarai,0
102.31990531507756,8.577226441935546,24.42074196881289,36.18094586086066,72.65284019910757,28.47462242211272,9.373194628791325,76.89194362148217,385.80140334717487,1,13.049448789615331,80.22430872543055,Kodambakkam,1
228.48588459861529,1.288605654663202,46.9271406421113,31.214988030605102,72.22209995191352,11.31849142814795,0.8784651718509018,35.027120734485415,479.2661721225324,0,13.007285929592236,80.25836475723382,Adyar,0
59.61470446025172,8.765052453165907,94.83252397281372,22.793890390208,82.30345695442753,16.247531222133897,9.853558782839436,64.2803375308512,385.538673407594,0,12.982013669478537,80.21750380538703,Velachery,1
96.96087960622656,7.774075618487531,20.41329099943843,21.834780005701543,61.43028349485782,17.74586109652701,5.557007441762885,71.75595002125259,47.06121804275848,0,13.041312708770189,80.23419087894837,T. Nagar,1
55.95555311995627,3.99025321703102,93.09754611002468,20.315600593257805,71.02687955170448,7.033131366394394,1.1706318514641012,22.8907599724394,420.9078697025426,0,13.072902316020985,80.22271352578603,Aminjikarai,0
272.2699421778279,4.072411714138074,40.015671921214775,26.88094455955043,76.92854222608975,2.3753333504425145,2.006666613594211,92.96187394467545,155.09774912210156,1,13.039682412206098,80.23344094420558,T. Nagar,0
29.30163420191516,4.6357542436481065,35.83463679276667,29.66312029916153,79.6824329421674,22.75217215584588,4.707342182530537,93.51605120778255,50.8851332722724,0,13.072384838556411,80.22240696573242,Aminjikarai,0
190.02112695312704,6.7204780735391445,66.01459857094044,30.46572672765,66.96491661662982,34.80503986252381,7.643651685659649,77.19308674089599,77.42035170078832,1,12.905836436126632,80.09512335488424,Mudichur,0
177.72437065861274,9.473705904889243,80.49109944824318,36.654285329590834,83.07485548734421,6.312843527096232,4.044639337685984,53.39779236287959,422.6822593338815,1,12.905870187301735,80.0943271151844,Mudichur,1
149.17455176771563,4.598558837560073,64.03530133878756,36.23582643539496,75.97008119991202,22.100604172533835,7.231877577858647,13.843684136435142,118.98627146731766,1,13.039735052493556,80.2334121934518,T. Nagar,0
282.87291117375577,7.786953959411034,28.87749546900716,27.733592822419663,62.59000897058728,33.74579855048636,6.680159200413806,49.096638554047445,194.1665832372263,1,13.006148444018493,80.25757368223604,Adyar,1
186.98943804826737,8.489435553129182,36.35146282964669,33.01608675313561,60.31288469720265,1.2152780975555366,7.810333387881633,29.13888205369028,414.24024525892577,0,13.006809085748168,80.25648173723253,Adyar,1
34.760717857538914,8.74287966624947,50.66395144027837,27.89374296282521,72.15089008551467,17.819881142309608,3.3837730477252217,83.04763451209595,215.6289234209491,0,13.006157988054747,80.25674463974241,Adyar,1
277.4080854835688,9.518744768327362,49.623737754654265,26.35159903038366,77.75308047073558,16.778427052819605,8.269755538454422,72.03192659868836,489.66226863218446,0,12.90599632342804,80.0951651788651,Mudichur,1
102.31990531507756,8.577226441935546,24.42074196881289,36.18094586086066,72.65284019910757,28.47462242211272,9.373194628791325,76.89194362148217,385.80140334717487,1,13.049448789615331,80.22430872543055,Kodambakkam,1
141.66447754858478,6.394725163987236,59.219641150248,32.19685919616811,71.5725704399345,19.0633947975066,0.6019609900723433,35.38190325726409,258.4165201904854,0,12.980421675302962,80.2179285397221,Velachery,0
36.61147045343365,8.638556059232315,42.4491004437303,28.487256931691427,82.35575852616716,18.008824824981442,2.043658406674144,48.96849123645492,92.6564597896834,0,13.072980460482851,80.22311027451134,Aminjikarai,1
241.1016230697344,4.205394666800984,28.44313182637316,32.112743206757685,83.04453197199777,0.8193291201991926,9.261706896831647,71.00583050156887,127.6322585460128,0,13.04766821361223,80.22421434402267,Kodambakkam,0
27.08693101632249,8.820414102298896,55.24486850307916,26.68189888233632,64.58707294917684,10.10309992157014,5.313490543946635,54.68681788063412,42.10563235659126,1,13.033509082129536,80.25984177517478,Mylapore,1
281.8496824692567,7.653252538069653,32.44780369508061,32.843763064561294,79.96437638572374,11.479417330081493,0.2609502367489047,88.118825140944,98.75955342304272,1,12.904801556002754,80.09512797897833,Mudichur,1
54.54749016213019,0.2065099946572868,29.904482381147545,26.256369772939006,78.20308770012247,19.9742008754038,2.1379277726477355,25.96002334976195,294.8559089964616,1,13.07112878697726,80.22359327367415,Aminjikarai,0
77.63399448000507,7.168596811925937,30.936429354678896,27.09500879665067,81.47759508104231,35.75932012096576,0.907813725199027,28.48855205537312,399.91496544423535,1,13.072016505780985,80.22187274295118,Aminjikarai,0
91.3841307520112,3.741699803342256,59.921902779527706,21.69899707308886,67.97466935030586,8.608036242633252,2.7053371835557805,46.10502191524082,319.18144750033866,0,12.9047411374948,80.09585330720532,Mudichur,0
27.930830341769763,0.627129520233457,76.58955260461909,33.553250167195415,83.88885471371725,34.74513994975926,2.82746117670718,74.0347196631592,420.008348867639,1,13.034499599826583,80.26000928130952,Mylapore,0
96.96087960622656,7.774075618487531,20.41329099943843,21.834780005701543,61.43028349485782,17.74586109652701,5.557007441762885,71.75595002125259,47.06121804275848,0,13.041312708770189,80.23419087894837,T. Nagar,1
177.72437065861274,9.473705904889243,80.49109944824318,36.654285329590834,83.07485548734421,6.312843527096232,4.044639337685984,53.39779236287959,422.6822593338815,1,12.905870187301735,80.0943271151844,Mudichur,1
190.92312337913413,7.740473326986388,43.57313774926728,34.784101811230286,75.90480426772054,28.72046938535456,9.551007391380658,83.69903652886838,384.9357573345277,1,12.906104749058876,80.09559651938076,Mudichur,1
42.27726749242879,2.817301057539491,50.43624838189643,23.684035275205297,77.89176510043724,2.393230559383581,0.9008579164384634,31.98338893831543,200.234855147067,1,13.072570142087608,80.22286680170863,Aminjikarai,0
258.21917497690305,6.956254456388572,92.99003155904738,32.06704407901546,75.34180485630321,37.71702804735892,0.8836807889865717,55.82834241692485,83.37079005568133,0,12.982294497154768,80.21898105456148,Velachery,0
96.96087960622656,7.774075618487531,20.41329099943843,21.834780005701543,61.43028349485782,17.74586109652701,5.557007441762885,71.75595002125259,47.06121804275848,0,13.041312708770189,80.23419087894837,T. Nagar,1
212.42177333881364,8.966712930403421,12.976713232795506,20.58859408326903,83.57217446761565,23.859998855292943,5.016982604513956,53.71701279487075,413.6566138879248,1,12.98162344149247,80.21774681414385,Velachery,1
290.8753883293676,3.556127378499556,36.69006385576269,29.02028848170664,62.50845842549823,13.47456203009167,7.481046824466544,83.56460375834757,117.985192620785,0,12.98079158226958,80.21900831738898,Velachery,0
268.827389977048,1.314827992911276,35.4429685850983,34.872140070558586,76.20207487289218,3.492523378800385,6.508302880995535,88.09980607861311,463.51028439319794,1,13.039662697561283,80.23345456832621,T. Nagar,0
9.428755706020276,9.065554992211789,37.93427433818303,36.644768226184254,61.59718986349751,4.949192008103602,0.6782374730057938,44.679332036908114,450.3376194044326,0,13.040845036912154,80.23431240255958,T. Nagar,1
41.25628324379797,5.90984165323685,91.70880349188934,34.026239419680905,81.69158095946031,20.51628134100386,8.553367922058799,76.97890206778347,422.2352462093672,1,13.07125546927393,80.22276247644284,Aminjikarai,0
289.6896099223678,2.074700754411094,56.55776654820599,20.555063850778275,72.87887295969885,8.128387925927774,6.511010906233453,49.34069622891781,136.8663146942321,1,13.048817387263238,80.22510381367755,Kodambakkam,0
189.69174917807385,9.03983954928237,22.011532384144097,27.367680714270826,63.68858499648067,20.464763493118014,9.248125601285809,68.86483169837135,443.56577171570376,0,13.00634619568834,80.25813101425179,Adyar,1
72.55568727013551,3.984342586196771,91.69596617365356,34.81310788914299,76.72762943951167,14.983014366189485,1.2136925330669437,13.15759973661418,72.120051010783,0,13.041145074485843,80.2343197488917,T. Nagar,0
6.175348288740734,9.903389473967044,11.40454580021454,32.81016488489952,68.75702285584968,9.248527751460486,4.425480695011995,20.018988820845617,342.2492732620338,0,13.048339200124856,80.2241127509933,Kodambakkam,1
112.36203565420875,3.117958819941026,46.11335507232479,21.27418816085549,71.13704742812585,14.247535358625672,9.007802042846732,31.35906117427012,459.5855003618999,1,13.005612874085342,80.25837455225863,Adyar,0
36.61147045343365,8.638556059232315,42.4491004437303,28.487256931691427,82.35575852616716,18.008824824981442,2.043658406674144,48.96849123645492,92.6564597896834,0,13.072980460482851,80.22311027451134,Aminjikarai,1
66.63234314121908,7.885455123065187,40.83498859074313,26.100929312316207,89.8081860758299,3.002322321708064,9.967641361536849,98.25738886809128,160.84880923181112,1,13.047667001433398,80.22499688439785,Kodambakkam,1
101.28455142108838,6.969972417249873,35.116115340573856,34.70056535930698,63.19314589786443,9.847194888462774,2.8746171108505814,7.382628156424853,12.274058261988795,1,12.905716808499472,80.09517421308364,Mudichur,0
96.96087960622656,7.774075618487531,20.41329099943843,21.834780005701543,61.43028349485782,17.74586109652701,5.557007441762885,71.75595002125259,47.06121804275848,0,13.041312708770189,80.23419087894837,T. Nagar,1
218.8818535014192,9.818293898182532,44.45272532420687,34.427091814912714,70.06628665001368,17.594870988084676,3.272938291506172,53.14942783313078,94.36610547969292,0,12.981040099202062,80.2174412717422,Velachery,1
218.46490458355788,9.564057227959488,89.82647030956757,34.811636422525126,74.47743834173549,35.12170042375963,1.9124547989039573,96.07664734451006,394.2341935122207,1,12.981507708568804,80.21799571119809,Velachery,1
125.22330094463368,1.8115096173690304,12.1881879739142,26.137202115451387,83.09902274750411,10.113719672970426,8.987987804800564,10.50946942489992,54.84153105647926,1,13.006052519171062,80.25797834247722,Adyar,0
198.75668530619456,3.9605970280729377,41.36674325433069,30.95855503188914,71.99176486680997,0.2796243370409668,3.657614109956293,10.398807754342045,480.2611990596654,0,13.048591233578632,80.22402908933132,Kodambakkam,0
93.29469651469866,3.4723351793221955,21.81603956259304,28.78095420922892,73.01301832484242,26.66104090459058,3.571769021864879,66.71688207038235,122.07851691843968,1,13.033610504744896,80.25985402096855,Mylapore,0
189.69174917807385,9.03983954928237,22.011532384144097,27.367680714270826,63.68858499648067,20.464763493118014,9.248125601285809,68.86483169837135,443.56577171570376,0,13.00634619568834,80.25813101425179,Adyar,1
277.4080854835688,9.518744768327362,49.623737754654265,26.35159903038366,77.75308047073558,16.778427052819605,8.269755538454422,72.03192659868836,489.66226863218446,0,12.90599632342804,80.0951651788651,Mudichur,1
32.367428097991336,9.608346580630002,55.52797454427776,30.08112020450276,62.0422509852699,20.79296106603216,9.59313353024733,22.774099334728646,364.2369827705074,0,12.90525732909074,80.09465375529629,Mudichur,1
277.4080854835688,9.518744768327362,49.623737754654265,26.35159903038366,77.75308047073558,16.778427052819605,8.269755538454422,72.03192659868836,489.66226863218446,0,12.90599632342804,80.0951651788651,Mudichur,1
63.701733203482846,2.6332237673715064,32.674688942148364,35.28942202857345,71.16170875401916,10.29881662349766,2.799792787427121,12.208560683646718,196.5612076117085,0,13.04101569222093,80.23469943534657,T. Nagar,0
162.80882494747453,7.851529120231378,25.46677891428787,27.323076078601485,60.51565213724341,4.9889320841698925,7.988116766375567,67.78949696185212,208.4669760644008,1,13.034354944027054,80.26015750322057,Mylapore,1
235.55278841790408,9.527916569719446,54.12748118938634,27.4322409950637,63.85079539530581,15.79451533096542,4.00035818837608,25.50637853166394,445.05577069290354,0,13.071967703298476,80.22294340136881,Aminjikarai,1
242.5192044349384,4.246854687515063,48.168008959226434,25.466217618670107,84.2799327491798,1.4785075049472685,5.513621875286128,65.70436769164232,231.0487648137249,1,13.071425868854163,80.22272187594307,Aminjikarai,0
9.428755706020276,9.065554992211789,37.93427433818303,36.644768226184254,61.59718986349751,4.949192008103602,0.6782374730057938,44.679332036908114,450.3376194044326,0,13.040845036912154,80.23431240255958,T. Nagar,1
46.80559213273096,0.2467872839133122,88.2539677491969,32.12200598234261,84.87176150514242,31.055397359346347,7.259853147343697,99.03685221395796,495.3258463031997,0,13.072420394753436,80.22353982879562,Aminjikarai,0
110.33493981577595,1.871308917508448,65.69435514172389,24.019819445654505,60.36831343226451,2.486851486483239,0.7937394252014374,64.05645935212185,136.67436826993534,1,13.03453860507124,80.26143894086654,Mylapore,0
148.55307303338105,1.1753185596203308,84.5791223100164,29.73111744669152,87.79853687509689,2.500222418589364,9.67113148909258,13.168728181445688,207.5626274158969,0,13.072250948355752,80.22284061910271,Aminjikarai,0
235.55278841790408,9.527916569719446,54.12748118938634,27.4322409950637,63.85079539530581,15.79451533096542,4.00035818837608,25.50637853166394,445.05577069290354,0,13.071967703298476,80.22294340136881,Aminjikarai,1
85.45214831324029,7.99795884570618,96.64932878562182,22.696975404438263,74.04950851476728,16.0954839721942,0.922818582526812,48.10424481098726,445.3821732250466,1,13.072592089758531,80.22281154963872,Aminjikarai,1
107.02599800807678,9.295293167921905,77.39094317861198,21.682502096395417,72.0217827701816,2.7062263980558354,2.3908603724503874,81.74532636181662,214.40488508017148,0,13.006693474330728,80.25836006515057,Adyar,1
83.59393927098343,9.59433340833425,40.05683826371282,21.803828966652727,68.12017329051363,13.934596461979192,2.6133521171420746,84.88330256044101,135.23867047331163,0,13.07283719825638,80.22192136274651,Aminjikarai,1
263.2018060142943,5.757511620448724,16.883809212725687,29.45798370466836,84.70859758282471,2.1456516568837625,5.757706020968451,97.90109190008228,36.300033273802654,0,13.048572192732689,80.22410364707363,Kodambakkam,0
97.55499660802413,1.4814086094816503,64.37060236187938,33.81169983287983,67.23848657474875,10.062809414166228,4.861155421401629,96.42004194547816,169.5472942387015,1,12.906252914932216,80.09427740506752,Mudichur,0
281.01899662102034,4.581388272600428,50.17549739348826,25.43539503615866,69.64306265352067,30.77415628830832,9.210592865101448,62.83138303739122,37.06225895651205,1,13.040667312223702,80.23327726110648,T. Nagar,0
177.26788295647253,6.900250201912273,97.14577692648676,25.68840615435713,68.24539737320873,39.9105170305826,9.79401528712567,43.51419865163296,238.4006819644301,1,13.005861926379184,80.25695995818732,Adyar,0
41.84815819561255,8.726506554473954,99.13105014048044,34.38018858400648,71.72810949607036,34.50909754517443,6.381022122755495,10.185461524821648,173.3039053045859,0,13.005495668321302,80.2566583188303,Adyar,1
180.33450352296265,5.365792111087222,65.3018235829187,33.20571765238667,86.44676427907888,34.38347734814233,4.994713644482321,89.86376684082661,325.4570019287529,0,13.072208708105023,80.22242963900467,Aminjikarai,0
148.13867890931724,2.2431702897473924,34.44874908455313,34.70822176822333,74.58585784041887,4.3476196474978135,6.053069846246835,3.042651533700591,348.1096001253094,0,13.072246875776248,80.2217635180639,Aminjikarai,0
189.69174917807385,9.03983954928237,22.011532384144097,27.367680714270826,63.68858499648067,20.464763493118014,9.248125601285809,68.86483169837135,443.56577171570376,0,13.00634619568834,80.25813101425179,Adyar,1
266.163822772898,4.973913654986627,97.10152046186516,30.199143933192616,81.47327958680191,24.327711999821005,4.499763997857827,37.441398387974,383.73288154247126,1,13.040278403357467,80.23311266743681,T. Nagar,0
26.54775061557585,5.521924699224066,72.07914385699755,23.78382640941928,77.9303236315634,14.841267225903936,0.870809456667776,52.658402882046914,479.8478195146218,1,13.03274237729692,80.26122472741748,Mylapore,0
27.08693101632249,8.820414102298896,55.24486850307916,26.68189888233632,64.58707294917684,10.10309992157014,5.313490543946635,54.68681788063412,42.10563235659126,1,13.033509082129536,80.25984177517478,Mylapore,1
189.69174917807385,9.03983954928237,22.011532384144097,27.367680714270826,63.68858499648067,20.464763493118014,9.248125601285809,68.86483169837135,443.56577171570376,0,13.00634619568834,80.25813101425179,Adyar,1
55.45633665765811,4.880562806489546,91.44535109949342,32.988950648036806,68.15679970782433,14.602530075951034,9.73738652090683,79.24989056089166,33.29816611777559,1,13.072910701283911,80.22247494984404,Aminjikarai,0
190.0589132282684,5.438059500773264,98.2522119508554,35.258341377017565,82.88518993738835,30.690171904009404,1.6314172095776247,4.245448872552249,82.77280639812773,0,13.00655879727627,80.2580341441419,Adyar,0
218.8818535014192,9.818293898182532,44.45272532420687,34.427091814912714,70.06628665001368,17.594870988084676,3.272938291506172,53.14942783313078,94.36610547969292,0,12.981040099202062,80.2174412717422,Velachery,1
109.90855298810752,7.980468339125637,24.66589834419448,24.482064931360465,63.116465381711976,30.887413132714126,8.984544476244775,31.654112095813403,314.73061350457607,0,13.00624694354156,80.25761234926891,Adyar,1
116.02060389016124,9.591666030352226,89.76741994779039,29.578812383337134,80.74479850837004,18.05590078571293,6.948391687429186,74.02449976749567,160.373958022473,1,13.006006704456052,80.25762124008489,Adyar,1
51.15723710618746,2.13311977367482,69.62541143794084,25.093232805663057,78.94919575436282,20.02803683413296,6.05186761622687,10.668244680271345,437.84613511746153,1,12.98165171983143,80.21874463678347,Velachery,0
66.63234314121908,7.885455123065187,40.83498859074313,26.100929312316207,89.8081860758299,3.002322321708064,9.967641361536849,98.25738886809128,160.84880923181112,1,13.047667001433398,80.22499688439785,Kodambakkam,1
182.86930019396905,5.18835148831526,72.6834187631305,28.520565739147973,75.3618978321055,39.51661354717099,8.682556944761899,86.2559249784095,53.65051575775226,1,13.07302434509695,80.22180356494525,Aminjikarai,0
278.90929570277194,0.7952208258675575,76.60877730559143,23.176578716589944,78.66548868929456,11.070043245956771,4.820390104034969,40.4773628957148,1.8548868750093428,0,13.032885983364103,80.26092669917176,Mylapore,0
197.9952138102537,9.088437184127384,32.26588799852384,27.01901470135042,63.551027537350485,26.904796279600845,4.0147087715330265,58.67171662232342,133.1851958045484,1,13.041127590039414,80.23296882935388,T. Nagar,1
104.76287238379828,9.589827218634737,99.8166026195806,31.90435265506944,60.800155479064735,39.97442097352304,3.6028355038737816,74.86060058295779,452.4911597891708,0,13.007032127779,80.2572236818283,Adyar,1
164.01308380298389,1.4484775934337724,97.20745342033166,27.551540967865435,74.151942116686,3.0884224156333406,6.645103265553116,61.52764266350972,402.4677860795636,1,13.034522381127648,80.26028448809019,Mylapore,0
128.2623055075649,8.621915174216833,46.15421818416388,24.138550042836595,60.4446976417743,32.47085500577248,7.007151910395336,11.2249992587386,282.92254770935546,1,12.905496891043956,80.09594174480107,Mudichur,1
128.2623055075649,8.621915174216833,46.15421818416388,24.138550042836595,60.4446976417743,32.47085500577248,7.007151910395336,11.2249992587386,282.92254770935546,1,12.905496891043956,80.09594174480107,Mudichur,1
177.72437065861274,9.473705904889243,80.49109944824318,36.654285329590834,83.07485548734421,6.312843527096232,4.044639337685984,53.39779236287959,422.6822593338815,1,12.905870187301735,80.0943271151844,Mudichur,1
128.2623055075649,8.621915174216833,46.15421818416388,24.138550042836595,60.4446976417743,32.47085500577248,7.007151910395336,11.2249992587386,282.92254770935546,1,12.905496891043956,80.09594174480107,Mudichur,1
157.42692948967135,3.83463894171898,11.083260060788884,36.64155966880303,62.30316326886604,20.487925214097665,5.130236182617667,13.230567485306288,26.76481010365905,1,13.071181457604638,80.22348953145976,Aminjikarai,0
116.6031869068446,2.4082877991544684,34.519320591936626,27.127944283240875,79.24734080319436,30.14282084805363,3.6755235919838936,98.34339782345762,281.0330553773596,1,12.98202893696518,80.21818423258615,Velachery,0
245.40442977674795,6.832813355476804,57.74834931065036,23.025387814981663,69.0141119082724,27.19244720424824,1.0565237436229302,15.034975687137033,143.16477343672452,0,13.006925599134515,80.25663952426365,Adyar,0
207.28132143073972,7.963914745173318,24.44208794988409,34.34856378820153,60.54031080896238,22.2107988421394,2.7220103841668983,25.78216943085364,215.9213253248531,1,13.04042739680988,80.23292967364948,T. Nagar,1
86.92543587413041,7.705807485027762,19.416509986822668,21.82075294644056,67.20982112735594,27.734913670626906,9.67808225446928,4.551071396259154,147.0904399356758,0,13.071801830025104,80.22167336640578,Aminjikarai,1
245.1666600603648,8.155238187685688,13.565397032156596,30.27177515079049,89.6862558667502,19.832151799988868,2.7486363794534743,58.81576704911717,184.2994599717877,1,12.905969462345109,80.09422674994094,Mudichur,1
231.38110400578373,9.413777047064986,72.96175542022763,26.665838022594603,85.58894409535723,7.226017559050691,1.985030828538612,51.47671040351863,307.17314998981544,0,13.033281607080506,80.26129357681981,Mylapore,1
218.8818535014192,9.818293898182532,44.45272532420687,34.427091814912714,70.06628665001368,17.594870988084676,3.272938291506172,53.14942783313078,94.36610547969292,0,12.981040099202062,80.2174412717422,Velachery,1
276.562270506935,0.8342243544201855,31.007822992128663,24.88795908589143,67.71178364741596,5.554728896367309,8.360328193980473,60.75453597907943,235.1606411680205,0,13.006666013546832,80.25764417340046,Adyar,0
207.28132143073972,7.963914745173318,24.44208794988409,34.34856378820153,60.54031080896238,22.2107988421394,2.7220103841668983,25.78216943085364,215.9213253248531,1,13.04042739680988,80.23292967364948,T. Nagar,1
101.7089373146102,0.3330462654669619,37.40017279126404,34.64601722784655,74.02134792425949,6.580334354649722,0.9392847541918914,9.875988679055505,313.8778580814897,0,12.982265456966708,80.2181431523771,Velachery,0
22.21339552022711,7.992025873523917,97.11690099438044,21.19838637150818,68.25303382419978,37.14140431560939,2.2377841734274693,14.043952137105297,110.74508940147886,0,12.906461514651207,80.09504792328053,Mudichur,1
244.63842853645025,9.615701545414986,88.05604649162183,22.67762415363497,79.27931147896457,31.6918141098328,8.487281802456915,89.80877551269836,188.63446633288007,0,13.033425235353825,80.2607817494896,Mylapore,1
218.8818535014192,9.818293898182532,44.45272532420687,34.427091814912714,70.06628665001368,17.594870988084676,3.272938291506172,53.14942783313078,94.36610547969292,0,12.981040099202062,80.2174412717422,Velachery,1
179.59754525911097,1.796036775596348,95.07713801311716,21.45408951885361,84.93141798644145,0.0672665884539958,1.1209090372811736,48.71481269173746,471.5311303013896,0,13.0067291918454,80.25716178171326,Adyar,0
288.7341884826334,3.708527992178887,10.243289250415245,20.44104309525132,71.16685906249974,29.632707881868736,3.955919799718078,49.84347858624524,300.6138788372601,1,13.047612606551365,80.22529183448266,Kodambakkam,0
22.365193103931247,0.6395526612098112,85.52702100327872,32.092960846788586,63.90928631423475,12.618446525370466,1.5369328258670434,67.15276967657582,46.42560653398397,0,13.071664069145143,80.22175172665622,Aminjikarai,0
193.55183712283497,2.400202733797096,95.69284275658786,29.931099961805607,65.50857598095818,36.8173227326384,8.574075271403188,1.969164272370372,89.10047746963407,1,13.005854762365962,80.25741522075737,Adyar,0
285.21429192297484,6.963434888154595,93.63622755724424,25.408285102493384,60.15492312109409,0.5366602110907603,2.6918402297556265,36.55390281180764,205.8132297542184,0,13.04800048579633,80.2243008337822,Kodambakkam,0
153.6279174897843,7.567786427368892,25.729480374484595,32.53489703835032,81.22447044519524,39.24869564812289,3.841241371968752,31.76318732739461,234.6921775725765,0,13.048411313505571,80.22464735847281,Kodambakkam,0
109.0888807137882,5.87599635196389,70.47614265362401,32.889574488751386,72.10477900389623,6.402082641498756,8.436575450518154,79.98654355823109,409.2110810908936,0,12.904622707289535,80.0946675518116,Mudichur,0
248.6212527455788,0.164296295914742,43.68665649888245,24.84973209533862,78.64969378142001,36.64046370649055,5.521498803778433,45.87228886135026,298.09222338962184,0,13.005536329655245,80.25731827151247,Adyar,0
48.36638617620133,1.4694664540037503,41.362839013014735,32.36129147492278,72.19378927567459,29.040689577572017,6.456803831131163,19.798279993979484,176.95205508989287,0,12.904834134032855,80.09460487388868,Mudichur,0
102.31990531507756,8.577226441935546,24.42074196881289,36.18094586086066,72.65284019910757,28.47462242211272,9.373194628791325,76.89194362148217,385.80140334717487,1,13.049448789615331,80.22430872543055,Kodambakkam,1
272.79612062363464,1.3206810634515331,14.140657979856725,33.820325635049805,89.56434792153593,0.7647972517951285,9.946291367519738,70.44015394011737,225.9035090422404,1,13.048786576436886,80.22442592832302,Kodambakkam,0
33.01557735830303,3.015986344809425,73.93031460767921,25.673699544876627,79.57729188471843,21.47970351677348,5.025736635355653,74.16031071523237,108.63948616891568,0,12.982373279157002,80.21784415833116,Velachery,0
240.6590942262119,5.864101661863267,37.40215666395876,31.74753354987044,65.95478390624942,23.526703727341577,1.1110273493889111,19.6450991820954,347.67323406976493,1,13.03420696186077,80.25998029123755,Mylapore,0
228.23551458506924,8.221177331942455,90.70850424019687,29.249306368940417,67.4916297181784,19.17551818543128,5.533744652358169,35.94531510216522,449.8258516638344,1,13.07173862727518,80.22167862427968,Aminjikarai,1
91.27267288786132,3.2001715082246784,21.7949708093732,27.39066766194365,84.65467290199675,33.625959501790305,1.4456522113906267,20.9860473870142,464.5330786343839,1,13.039592005284042,80.23423797483036,T. Nagar,0
242.23204654921875,2.7032790523871464,58.931024844528565,24.54951836335809,61.76041220935403,28.199909505546657,6.1832243102057936,64.96564952358355,404.02467016145226,1,13.006712484454312,80.2569384864619,Adyar,0
34.760717857538914,8.74287966624947,50.66395144027837,27.89374296282521,72.15089008551467,17.819881142309608,3.3837730477252217,83.04763451209595,215.6289234209491,0,13.006157988054747,80.25674463974241,Adyar,1
7.625738023228557,9.729194890231303,32.35721185746739,23.07865331406221,84.25835397396173,0.9597476686388662,9.242774681274668,4.236404709144326,210.1167682363268,0,13.071686421543395,80.22172215591971,Aminjikarai,1
52.30992870149744,1.6053882248525642,37.00260275283367,25.37331533454029,60.45574996536457,17.12414430371778,4.373815258826946,4.087486009401831,85.58602407757925,0,13.032976242319448,80.25998481946482,Mylapore,0
107.02599800807678,9.295293167921905,77.39094317861198,21.682502096395417,72.0217827701816,2.7062263980558354,2.3908603724503874,81.74532636181662,214.40488508017148,0,13.006693474330728,80.25836006515057,Adyar,1
12.232542466429177,9.040443929009577,84.69076317430088,25.73163648472454,72.67676904270712,22.364126952596138,6.155674096641257,35.79839368611963,283.33466968151725,1,13.032690892760682,80.26064322537893,Mylapore,1
296.0660809801552,4.856275959346229,31.39676434140749,24.8868611648957,72.36907067171873,6.356926637115685,0.8609545068416236,84.29732964010842,83.2710363644104,0,13.04785487908756,80.22425775944382,Kodambakkam,0
84.28035290621423,6.6991654659091004,31.40265182851349,30.74011493472847,88.32120017042465,10.73041515876062,9.39103828587451,76.90469943201406,277.5969411616847,1,13.07235788569356,80.22258523618798,Aminjikarai,0
66.63234314121908,7.885455123065187,40.83498859074313,26.100929312316207,89.8081860758299,3.002322321708064,9.967641361536849,98.25738886809128,160.84880923181112,1,13.047667001433398,80.22499688439785,Kodambakkam,1
235.55278841790408,9.527916569719446,54.12748118938634,27.4322409950637,63.85079539530581,15.79451533096542,4.00035818837608,25.50637853166394,445.05577069290354,0,13.071967703298476,80.22294340136881,Aminjikarai,1
128.2623055075649,8.621915174216833,46.15421818416388,24.138550042836595,60.4446976417743,32.47085500577248,7.007151910395336,11.2249992587386,282.92254770935546,1,12.905496891043956,80.09594174480107,Mudichur,1
55.02135295603014,7.583786538361414,32.78720743505667,35.01420622575593,64.14248711338288,31.263432233006565,9.256326993314856,6.007796431325795,440.7836350362478,1,13.039732145281013,80.23381086341121,T. Nagar,1
102.31990531507756,8.577226441935546,24.42074196881289,36.18094586086066,72.65284019910757,28.47462242211272,9.373194628791325,76.89194362148217,385.80140334717487,1,13.049448789615331,80.22430872543055,Kodambakkam,1
258.93102776267807,2.930202845077967,16.37828003657875,30.31426980493908,79.31701004927838,19.61503011484193,5.193917771579164,5.790927689626024,336.31356962873093,1,12.981901742135584,80.21758457803762,Velachery,0
81.40470953216877,1.0029394226549782,44.11512064696857,35.13608173618212,89.73364631744475,32.85581992570951,5.260828703120373,90.2131214804232,228.11125098077656,0,12.980963709549547,80.21771648877659,Velachery,0
231.6734307889972,9.774951397444468,55.21505117403353,34.42186121257036,67.22681325014011,39.453364649330645,6.448538880263193,1.6252788677369678,425.599235857502,1,13.006801229503282,80.25665609167793,Adyar,1
212.42177333881364,8.966712930403421,12.976713232795506,20.58859408326903,83.57217446761565,23.859998855292943,5.016982604513956,53.71701279487075,413.6566138879248,1,12.98162344149247,80.21774681414385,Velachery,1
13.935123815999315,7.308558067701578,35.955864759834455,20.90365259225614,73.04941118280658,17.161664131894348,9.780907965576164,94.4202717913942,389.0194234623495,0,13.047590608019544,80.22534314639118,Kodambakkam,0
281.8496824692567,7.653252538069653,32.44780369508061,32.843763064561294,79.96437638572374,11.479417330081493,0.2609502367489047,88.118825140944,98.75955342304272,1,12.904801556002754,80.09512797897833,Mudichur,1
83.59393927098343,9.59433340833425,40.05683826371282,21.803828966652727,68.12017329051363,13.934596461979192,2.6133521171420746,84.88330256044101,135.23867047331163,0,13.07283719825638,80.22192136274651,Aminjikarai,1
36.61147045343365,8.638556059232315,42.4491004437303,28.487256931691427,82.35575852616716,18.008824824981442,2.043658406674144,48.96849123645492,92.6564597896834,0,13.072980460482851,80.22311027451134,Aminjikarai,1
59.61470446025172,8.765052453165907,94.83252397281372,22.793890390208,82.30345695442753,16.247531222133897,9.853558782839436,64.2803375308512,385.538673407594,0,12.982013669478537,80.21750380538703,Velachery,1
233.96266375728715,1.85232325236184,98.15742364019128,26.958025910790653,89.6946055420025,12.155640768630022,3.964711323754865,14.658373615105669,139.02511915061106,1,13.041121106661564,80.23463005382133,T. Nagar,0
4.976348678356846,3.277204015571189,13.243043568571252,28.63118869488416,84.80297860937975,32.89129194643905,8.569030288483289,72.23915186982364,264.37075584972405,1,12.906380527567782,80.09447408749712,Mudichur,0
9.428755706020276,9.065554992211789,37.93427433818303,36.644768226184254,61.59718986349751,4.949192008103602,0.6782374730057938,44.679332036908114,450.3376194044326,0,13.040845036912154,80.23431240255958,T. Nagar,1
35.95961020010484,0.568480764332403,66.00079529558154,32.85088014056804,69.90641062627104,35.02286875337587,2.1494221473040187,87.54513240932963,213.2969547994395,0,12.906154293831854,80.09427384057618,Mudichur,0
161.8026725746952,7.270442627113283,89.13112867281944,32.12635811491734,73.31429760575952,35.75394817422839,1.0537351482671853,97.92702400358183,398.76318043397,1,13.03424372011858,80.25998494100726,Mylapore,0
87.36874205941257,8.310484552361904,65.66322335614731,21.490546280675343,60.55044844224244,1.2283616338509962,7.563724180199616,68.5467145913117,56.112157914144255,1,13.03400731571876,80.25999469620348,Mylapore,1
71.2912631977199,3.926756765470944,66.09652057181177,30.22551255744696,65.2325079161546,34.68687532303412,7.566119200302067,91.97379807712738,103.75636703368424,0,13.032747593129471,80.25972407780434,Mylapore,0
207.28132143073972,7.963914745173318,24.44208794988409,34.34856378820153,60.54031080896238,22.2107988421394,2.7220103841668983,25.78216943085364,215.9213253248531,1,13.04042739680988,80.23292967364948,T. Nagar,1
154.27033152408347,2.1550767711355845,15.87737864366022,25.71156697436633,69.82354374431256,3.423173706292779,9.698917306662487,99.80227877581008,331.4282392785599,0,13.006531700196104,80.25711632543607,Adyar,0
83.59393927098343,9.59433340833425,40.05683826371282,21.803828966652727,68.12017329051363,13.934596461979192,2.6133521171420746,84.88330256044101,135.23867047331163,0,13.07283719825638,80.22192136274651,Aminjikarai,1
156.81984881459823,0.9784448449403405,50.989973450502426,31.87024105518844,66.2472645621823,18.54805961726624,0.048539522289519,19.362329040249648,54.784846020844654,0,13.04076367442434,80.23444715724821,T. Nagar,0
75.53468874760925,1.9705428018563964,68.24769885046325,27.889252190425854,86.54394259260498,3.481700392019884,2.285194676549839,70.17857629358541,417.2931909856183,1,12.980637635832537,80.21834155660933,Velachery,0
179.36999364332553,9.037197397459334,95.58573499498549,21.82711071322045,87.61599461654407,30.7948669549589,3.0870655296163863,27.15510954247814,335.84492880542683,1,13.032788885921512,80.26029308556464,Mylapore,1
210.90568766855336,3.738131379325615,72.57430053142174,35.07588289039025,69.77927632934788,31.982384931763853,4.511380295586568,90.64941252379208,412.8690942785482,1,12.90558525020858,80.09435516060559,Mudichur,0
