Rainfall Amount (mm),River Water Level (meters),Soil Moisture Content (%),Temperature (Â°C),Relative Humidity (%),Wind Speed (km/h),Topography (elevation in meters),Urbanization Rate (%),Drainage System Capacity (cubic meters/second),Previous Flood History,Latitude,Longitude,Location Name
164.64405117819743,3.117958819941026,46.11335507232479,18.493167707900117,32.79949613305019,59.28802707811576,246.82236764352038,31.35906117427012,459.58550036189985,1,58.62254778350092,-97.0558868494168,San Jose
214.55680991172585,6.963434888154595,93.63622755724425,21.559760018161594,74.7793574252589,1.006369565609333,753.7477752144383,36.55390281180764,205.81322975421836,0,44.43008596836418,-26.391091613788774,Dallas
180.82901282149317,3.777518392924809,18.96534371991442,28.606973320300032,58.58120358378214,47.58261958572228,710.6120324352348,20.126676576086545,152.63350494864451,0,2.2228462180076605,39.77630460721147,Jacksonville
163.46495489906906,1.796036775596348,95.07713801311716,16.264152366772613,56.41846008122211,70.87703909410486,688.2485426747356,48.714812691737464,471.53113030138957,0,-7.5562266440154815,16.426412846454753,Houston
127.09643980167141,0.24678728391331228,88.2539677491969,27.14498748023082,86.65554800424388,4.39754320240906,522.3998087561944,99.03685221395796,495.3258463031997,0,8.895344993966859,170.9003654694854,Fort Worth
193.76823391999685,0.6724963146324858,50.87461572167966,24.55293005752832,79.6324822128303,87.95214830237302,275.43133175915113,91.21509530115888,99.44610888372407,0,36.83586578878837,64.93329158227021,Chicago
131.27616337880775,6.793927734985673,39.403079359143405,20.679999535242022,96.80336707748845,52.00814166356731,439.07941391944377,11.834943401946907,328.41917347599167,1,76.12457231384738,86.38064713743836,Chicago
267.53190023462395,4.536968445560453,30.946971635115116,19.76826561848116,54.63553683469835,3.066104832571792,652.1800325730982,2.519028929050615,53.24765688553018,1,21.0663379154025,168.10414126802397,Columbus
289.0988281503088,5.365792111087222,65.3018235829187,25.290254865975136,92.8279935254584,22.44136119208402,78.88829497824884,89.86376684082661,325.4570019287529,0,69.81017513102452,-30.802310917732427,Denver
115.03245564773331,8.966712930403421,12.976713232795506,22.358551610740825,83.89770303750622,95.3675696427313,640.8599042042438,53.71701279487075,413.65661388792483,1,36.226232540230924,-52.06326657802157,San Francisco
237.51751142479938,9.903389473967044,11.404545800214539,24.130397825253105,55.01972561162991,58.23197330520553,32.94383306249733,20.018988820845617,342.2492732620338,0,-77.69945206100743,-164.20952528410228,Los Angeles
158.66847592587135,2.1689698439847396,48.5916150248414,21.7495476352848,73.51658055172805,10.747256776880453,653.1368249714845,67.36532695846353,208.66657103129788,1,0.14907420029192053,-113.68644965322223,Phoenix
170.4133683281797,6.630782031001008,16.12666665772482,34.40987387191955,50.19989703561869,28.75445022805615,646.0510433278988,64.422317792982,191.53317978188477,1,-38.43245730325638,-94.61173246139668,Phoenix
277.6789914877983,2.6332237673715064,32.674688942148364,17.66878863491208,91.20799419523897,45.67036258604842,40.80584706300465,12.208560683646718,196.56120761170854,0,-38.66851293613699,-113.93839185431814,Seattle
21.31081745936608,0.2065099946572868,29.904482381147545,16.936079063567483,37.86991220486179,2.0950069267730465,501.7285691694866,25.96002334976195,294.8559089964616,1,-25.93304078112284,91.7222015507632,Jacksonville
26.13878991046221,7.583786538361414,32.78720743505667,21.86783457581832,44.87040529058287,41.16155136137588,401.96245945031774,6.007796431325795,440.7836350362478,1,-33.34810103991436,12.91787325940021,Fort Worth
6.065519232097715,3.2001715082246784,21.794970809373197,26.820538017409824,42.81233044559448,48.94586354346981,135.85560253737174,20.986047387014196,464.5330786343839,1,14.149796421078037,60.34816852504824,Chicago
249.7859536643814,3.8346389417189797,11.083260060788884,28.183529437000566,58.21182016830021,24.36778752812322,118.70315014190052,13.230567485306288,26.764810103659052,1,33.048270063640274,115.36637790217452,Denver
233.44702528495515,5.883171135536057,20.39358674248733,22.94513494336084,82.16630720224904,58.86390002919866,618.6073008536185,19.32362924745561,90.81119732284415,0,-41.62511032618762,-96.92138113707792,San Jose
261.00364447404576,8.310484552361904,65.66322335614731,34.985559878443425,66.88352143365262,75.32401195921769,454.1541990694752,68.5467145913117,56.112157914144255,1,-66.64272793769136,-62.667381664260304,Phoenix
293.5855026698292,6.289818435911487,97.68305915362453,22.03785992386085,64.13734264767453,23.58342241056355,786.3993079332259,4.949974426106774,96.667320383457,0,-79.41443023179681,75.00969613317486,Jacksonville
239.7475692650171,8.726506554473954,99.13105014048045,29.428133359199048,30.038217542789695,62.04999002799877,785.7982218306753,10.185461524821648,173.3039053045859,0,13.635512105499402,-38.60677947438978,San Jose
138.44380867587955,2.7354203481563575,46.814868583575546,27.751653890615856,59.77812077485383,63.96222429637416,794.1335947714131,13.417363807828764,253.2658413113119,1,-56.49657006005957,-169.46246156362412,San Antonio
234.15875288593665,7.980468339125637,24.66589834419448,31.261077264949215,34.44876423853109,94.8540301128841,94.89241469261272,31.654112095813403,314.73061350457607,0,-88.33536103973411,-23.41612115032393,Seattle
35.482327760679965,1.856359443059522,67.48855816298763,34.5245132690764,44.57772764850387,77.82761672964438,750.6049095711699,29.87503108519409,366.0711095698507,0,76.99555427826675,146.9783111095491,Denver
191.97630639825715,9.527916569719446,54.127481189386344,32.795873128910806,95.2675757272346,84.8345269790006,195.65568721645025,25.50637853166394,445.05577069290354,0,6.685275434983311,-32.75225582656512,San Francisco
43.00598622271392,6.874882763878153,99.04687995559883,30.291239487154172,45.07787430402667,49.04199084362752,366.5698078068896,75.05366534324163,494.5442186148954,0,-73.3593275555449,-60.39039008061107,Fort Worth
283.4006751148752,2.1550767711355845,15.877378643660219,28.964969556365812,90.08363470439838,18.534858697938283,605.9252446573807,99.80227877581007,331.4282392785599,0,61.72580018294735,176.22902986020978,San Antonio
156.5544965250215,9.473705904889243,80.49109944824318,21.70996339351799,86.2025360092934,99.5815292959635,162.8967456617856,53.397792362879585,422.68225933388146,1,86.97649289222124,51.98960312532475,Denver
124.39858199715708,7.308558067701578,35.955864759834455,17.953711564134146,41.140236585957,12.93557610386996,453.04928444346393,94.4202717913942,389.0194234623495,0,-9.251880836810898,-48.24071047037489,Indianapolis
79.36668363138809,2.5394164259502583,31.72767580689166,16.252720061196197,72.39983700891952,47.14573193542654,148.65339858079656,39.66101121260647,153.766019609356,0,-82.35187051713153,-143.27296870902936,Jacksonville
232.270106830265,2.13311977367482,69.62541143794084,19.838034084029697,38.096331033350936,6.809309924210661,83.78888534503463,10.668244680271343,437.84613511746153,1,-68.84173066390858,103.62580018071162,New York
136.84509966496455,5.1820071393066325,32.1456866491868,23.64562962362597,80.95217108586581,94.38508573508196,93.24688994367882,40.87738294698373,21.381568973899423,1,-21.30232560382221,74.90697605559274,San Antonio
170.53018466059456,0.25662718054531575,69.92732058032689,25.439925472599647,74.62235941605446,96.49249408484395,286.11122787857505,29.612777341469332,0.18367187572893018,1,69.39407474079786,151.8896877294834,San Antonio
5.636940130906543,2.074700754411094,56.55776654820599,30.461671081097432,86.83569931837135,71.93890620039735,3.723869469746788,49.340696228917814,136.8663146942321,1,-63.35303773000283,-101.780773189917,Chicago
185.2906491227631,4.246854687515063,48.168008959226434,34.17481846113186,63.556918457243164,34.99928436301689,339.8831369613516,65.70436769164232,231.04876481372494,1,58.318216920485185,-138.62723400423647,Washington
183.6287168167264,3.7416998033422555,59.921902779527706,17.34640960769622,94.0404161483368,25.438240111762433,531.3576840649192,46.10502191524082,319.18144750033866,0,-87.3042731605765,80.66610950726289,Fort Worth
185.08019906242708,4.6357542436481065,35.83463679276667,17.14008280387583,33.45442627519078,26.53033245370474,321.35054800319097,93.51605120778255,50.8851332722724,0,-7.670034218554022,-106.77749688046957,Denver
283.12442355438725,2.7762870629473193,73.5917235645681,26.793894460271016,50.502199551891024,12.729402542007474,68.6356804158681,88.47648222993799,336.50506691742,0,25.991485371102257,-116.6026183957814,New York
204.54608973104502,5.8678434645816875,47.337118240020764,29.907961478945857,80.05368182256169,52.58089530767229,50.15108961891244,70.19775951661971,400.9079335298473,0,-79.13169323539265,-64.86935925741405,San Jose
107.8523701721358,8.638556059232315,42.4491004437303,31.963007606939698,59.26764482236006,14.18172757014775,222.49321021188936,48.968491236454916,92.6564597896834,0,20.657295110967596,114.05705093223753,Seattle
131.10958613980245,1.1753185596203308,84.5791223100164,33.71664160433577,42.10659479898095,31.67306665534563,135.4501524348806,13.168728181445688,207.56262741589694,0,79.9927418645201,14.23317783946706,Austin
209.28935877817946,5.1737910715411415,93.2470220757873,34.66852484521284,37.50475217999822,62.67064759591049,772.0759785743755,39.70136667776334,259.9924949766549,1,-61.15321437541289,-163.49387216317885,Phoenix
18.06764148878095,1.3206810634515331,14.140657979856723,22.99603384449052,87.21373780231349,72.75436095907499,120.984179979268,70.44015394011737,225.90350904224033,1,41.33004894636349,-12.997917122645788,Phoenix
200.0300146337003,7.168596811925937,30.936429354678896,22.60670367055146,63.1200084925951,2.4272704622061214,644.3699499239973,28.488552055373116,399.91496544423535,1,19.63690162983781,66.23266009193108,Denver
201.19136088544784,3.9605970280729377,41.36674325433069,17.956173533945446,91.75985703433751,43.011598437673996,468.8863533929158,10.398807754342043,480.2611990596654,0,-56.6790500017385,13.812637848845668,Philadelphia
63.11476832215227,5.65421311858509,83.34698314332226,28.698688773671186,81.33023940217083,65.21245948421391,455.4295359874355,90.78984575106281,399.47658200408995,0,-88.88338535231412,26.082078536360143,Charlotte
38.677889296455994,1.8327983621407862,98.69422848789678,28.135239168816742,58.68083439415205,85.32459761585129,409.6645727390277,70.90508098155446,38.996408937912285,1,-88.32879890893312,-99.08016177864073,Austin
94.62850527725516,1.4484775934337724,97.20745342033166,32.241251917024144,56.14577099089786,47.532478221208244,777.4104608911608,61.52764266350972,402.46778607956355,1,5.776633650965152,125.18615937432531,Denver
109.11323128278678,4.880562806489546,91.44535109949342,16.945159895752813,66.09468426558763,96.92058717176852,291.07582007331024,79.24989056089166,33.29816611777559,1,79.70029372101484,22.103538332804703,Washington
171.0590311253639,3.556127378499556,36.69006385576269,24.955538156506837,92.234196723281,26.563254754144726,630.332600763101,83.56460375834757,117.985192620785,0,25.973752943810226,76.76856469464354,Chicago
131.5804540386961,9.40431945252813,99.28101190730267,26.62163859344126,81.60950057999176,1.350870662671888,444.23528597356767,48.345899817102335,76.54844841786141,1,38.573972332873865,173.47111812478892,Houston
296.5121514177679,7.653252538069653,32.44780369508061,19.831140800798366,30.360707498831626,48.37528647017362,316.5069341005809,88.118825140944,98.75955342304272,1,-1.1042123543033142,-25.848483237168438,Dallas
30.61344322440842,7.486636198505473,19.5315539394009,18.380508122583226,78.5910495958388,25.611379502001796,764.3727466446247,91.64190107011055,264.1575635286753,1,14.740009674222563,137.18398056354306,Denver
62.663026828450406,9.037197397459334,95.58573499498547,32.19161672839243,94.36551848340744,82.37176720231693,478.6527754917497,27.15510954247814,335.84492880542683,1,-67.25384544049138,-177.37883498119498,Phoenix
48.392855365498875,0.8342243544201855,31.007822992128666,16.170698444711174,79.7319031653144,23.27726721811121,95.13355371681085,60.75453597907943,235.1606411680205,0,67.82771167211354,-167.97337465855676,San Diego
195.93249763961953,5.521924699224066,72.07914385699755,24.41241807836146,42.39040470972471,31.06292182913063,334.03136079748526,52.658402882046914,479.8478195146218,1,46.94267316002433,32.500771822374105,Austin
75.98748076193463,5.844760689557688,15.25207230825298,17.316680026017707,63.84626891992211,79.12274310191123,625.2653821452861,53.794577915190246,120.14616001508332,1,89.67581151202972,-67.87821760480777,Houston
139.89323185689187,9.61936378547229,75.76381892147286,24.141175226627347,39.822121254639356,71.514325202536,554.9976185913711,93.76630939645621,381.5701151273965,1,-36.40986943998816,-90.6204358729079,San Francisco
73.32767760048083,2.9214752679254885,89.35481911004557,34.59924652684619,55.129669483774244,55.805123665726256,733.0722638692594,30.5188702693029,435.09108925357424,1,-49.13680107670958,-79.94327140477492,Charlotte
47.69087509365592,2.4082877991544684,34.519320591936626,23.474127069109457,95.59819293583624,70.49480619227595,207.50190731321618,98.34339782345762,281.0330553773596,1,-67.47090156695828,-65.37494354018848,Columbus
33.11254234929154,1.0029394226549782,44.11512064696857,32.142498350091344,94.63137152910959,41.86368635700265,606.554973083059,90.21312148042321,228.11125098077656,0,83.55775619088806,82.42117061163225,Houston
196.89887683958202,0.16429629591474204,43.68665649888245,17.346311283663876,49.7985796523258,0.5310047614667801,367.90016591561675,45.87228886135026,298.09222338962184,0,50.55933323304424,24.91055000314003,Houston
41.45488540458414,9.295293167921905,77.39094317861198,20.425041535237284,53.77417309163394,1.1355128512192558,458.88779757345236,81.74532636181662,214.40488508017148,0,-60.061569530465036,104.05295012136003,San Antonio
58.97470850401605,6.6991654659091004,31.402651828513495,23.07585481334669,72.01490076919058,51.122178757368665,764.0373448050264,76.90469943201406,277.5969411616847,1,9.4835647994785,118.8707687406187,Chicago
110.61755119828923,7.851529120231378,25.46677891428787,22.996242800186614,97.4238106682266,8.329097971899923,783.4290559913419,67.78949696185212,208.4669760644008,1,-15.521722547890178,123.45654934846158,Philadelphia
246.29796895438054,2.817301057539491,50.43624838189643,28.42766957340306,40.34609338457733,5.107548016925678,689.2727711404508,31.98338893831543,200.234855147067,1,-62.73251859488529,-30.728106297040483,Houston
29.13038273791838,5.864101661863267,37.402156663958756,21.894362547510156,47.984165058066836,96.55166391374733,287.277670184237,19.645099182095393,347.67323406976493,1,-60.82686269460621,-28.341577326092107,Houston
251.38347224964116,0.6395526612098112,85.52702100327872,29.275337368200326,91.148977910354,85.90026396580586,710.1606685818558,67.15276967657582,46.425606533983974,0,83.42459905413341,153.45571685061026,San Diego
28.82952236818892,4.856275959346229,31.39676434140749,27.78373798450785,64.43245621958411,15.202722720956952,510.8873421131304,84.29732964010842,83.2710363644104,0,-35.106447067610006,58.23489405758778,Denver
292.9378395040187,9.774951397444468,55.21505117403353,22.98322290509546,92.92727645589221,0.06642185902044906,343.9974243765705,1.6252788677369678,425.599235857502,1,79.45907250310978,-151.03181376751004,Chicago
140.59536049431048,8.765052453165907,94.83252397281373,23.635202553086387,42.98625282662234,94.16677953897565,28.59414600038699,64.2803375308512,385.538673407594,0,-76.39007884828482,15.18730347328858,Indianapolis
293.0283264571011,3.3815895183684566,67.05979279701947,27.290553996206413,67.28680112299526,27.83252983201143,616.1024993532658,44.28730246222125,140.7268636471969,1,-7.055452387225699,-51.83738653143348,San Diego
181.4536559235138,9.615701545414986,88.05604649162183,16.400843802892894,52.838874285456065,18.58976028554975,401.6844645792904,89.80877551269836,188.63446633288012,0,-66.66857126698318,175.47659629789075,Austin
221.7790738194905,2.317016264712045,94.61887204192907,31.448134767113807,52.15797919247332,69.15081078315353,628.9507995720486,32.14729308542053,463.0132533142403,1,-89.13827065658901,-175.0840536735747,Columbus
11.756337676296202,9.493188224156814,77.56883756977167,28.068423222272738,61.28138747623394,10.89037388413262,598.4182394746159,47.418481226362175,409.03861258693064,1,9.67789326709378,40.38511430540089,Indianapolis
84.84208877292288,9.413777047064986,72.96175542022763,29.526849288356704,60.31542143708879,26.46495980028003,634.8538944386816,51.47671040351863,307.17314998981544,0,-69.49906113395458,80.50431398358893,Philadelphia
36.05896836395067,7.992025873523917,97.11690099438043,25.73846002164781,55.01428157745681,97.50946802120465,240.52092695741348,14.043952137105297,110.74508940147886,0,39.96441556806235,-75.99356231135212,Dallas
88.84205925664348,6.304479368667911,99.49607106829114,17.209542219834894,94.0479539220933,63.94627744740102,640.6388792541047,71.28923026989064,22.125985657634793,0,35.660947627241924,170.51094657235154,Jacksonville
35.61831568627321,8.74287966624947,50.66395144027837,23.100712265939,81.22209298030249,52.067779148255354,439.07706277293386,83.04763451209595,215.6289234209491,0,-58.26007665639195,129.43318572781607,Los Angeles
95.3949538181928,2.930202845077967,16.37828003657875,23.10747165697112,80.92828939320708,39.791861483493776,378.6609603593146,5.790927689626024,336.31356962873093,1,79.513585787793,149.63502275489247,San Antonio
124.278898354401,8.489435553129182,36.35146282964669,21.42085980086434,50.29394147143688,77.4500954884202,540.1007310566056,29.138882053690274,414.24024525892577,0,39.78781351784812,-173.07645863344254,Philadelphia
19.24424890463531,6.178766919175239,23.71192351189574,15.599006498094987,70.43965970217883,14.095747652369372,17.086946350678645,3.804468153505791,426.3445028711347,1,-36.36535245175261,25.153974473331232,Dallas
207.74163581100595,0.1323685775889949,47.57377373164106,29.745084851929548,84.54256033112839,96.73378020369822,81.85345271007537,95.65441046882424,16.38795064668169,0,37.662077511142314,-73.92591289636319,Austin
169.98043626197256,3.4723351793221955,21.81603956259304,17.195689161250016,85.6913257980249,86.11230080657867,233.7418921340176,66.71688207038235,122.07851691843969,1,41.74744998267647,125.65030857683865,San Diego
79.61684728183363,1.4814086094816503,64.37060236187938,27.126162660901702,54.11713225280186,61.76569825692433,786.3920879662717,96.42004194547815,169.5472942387015,1,-28.399260374827094,47.825876489386474,Phoenix
156.9744160400099,9.818293898182532,44.45272532420687,29.064349929344317,83.96109295980534,4.290619040255816,111.796623091964,53.14942783313078,94.36610547969293,0,-22.39405875693734,13.995721555599516,Denver
28.182153227532503,4.783703070399881,90.5847295859389,27.695726458673896,81.5125727765413,70.08556494477376,264.4770406073683,80.20685238956139,401.4876891819189,1,-25.360828622405975,-138.74825891678194,San Francisco
172.78394866685377,4.973913654986627,97.10152046186516,34.182845039559496,39.905453993533015,91.32843408854808,40.84245175353889,37.441398387974004,383.73288154247126,1,20.991319839373332,14.480209723028679,Chicago
278.7888592728642,6.394725163987236,59.219641150247995,17.06596310170277,90.61618279965342,52.457706747862595,265.015104234181,35.38190325726409,258.4165201904854,0,72.07382637723228,47.4854926883136,San Jose
95.57068573539709,3.685846061296175,34.73412128808369,32.34334318210398,60.89250291262876,35.42248218272628,256.26102920866526,37.826781710513266,491.46323899792776,1,-58.82521747885423,164.1284313516736,New York
200.22311398910452,1.3690027168559893,63.30073768856531,15.583804696978266,64.04873142220659,12.027734497946962,757.4457367556178,65.78621337264282,72.02927054542113,1,67.53592977053731,30.61836375259304,Seattle
39.539358721317654,8.221177331942455,90.70850424019689,25.69833709854168,61.38584252285981,75.49011041375682,676.1232695965763,35.94531510216522,449.82585166383444,1,-85.02243182903835,168.26421662843558,Phoenix
214.89816123556966,1.8984791190275796,46.60600112521735,23.084872358785177,69.74922010342553,88.50218512118062,306.2113753942172,90.03674516042256,58.231627080958084,1,28.86094727608004,166.17820161839836,Washington
86.82182788416033,5.11318982546456,59.68704490227738,25.483677207875164,73.48184731569383,10.025174407584858,19.815246431398936,98.32748650501553,81.59085275706035,1,-15.401002825855045,54.072120900095086,New York
54.95740860213505,2.2431702897473924,34.44874908455313,22.301997541200194,64.87256960340605,75.8984554752342,664.8248911963026,3.042651533700591,348.1096001253094,0,52.43067940184886,2.1268742825119205,Columbus
175.95388044302496,0.9784448449403405,50.989973450502426,18.81133829880136,90.67519802813669,1.7060486259097507,528.4289417156322,19.362329040249648,54.784846020844654,0,39.81566032756254,-12.23217222262224,Denver
6.032263856248066,8.621915174216833,46.15421818416388,15.382457948973796,73.94143293366992,96.70549180772196,121.89158692104778,11.224999258738599,282.92254770935546,1,-3.580594713866887,140.53628200168174,Philadelphia
248.68200876520893,9.729194890231303,32.35721185746739,25.362996275823484,58.0999564513864,61.50580206350962,796.8570168081498,4.236404709144326,210.1167682363268,0,25.895526610067407,-169.82759413016757,Los Angeles
1.4086428577641197,9.608346580630002,55.527974544277754,31.855537253696845,59.168422983609766,55.243905899163316,80.18674993929844,22.774099334728646,364.23698277050744,0,0.31916352599013464,-139.02904871151424,Chicago
203.34496103886903,9.065554992211789,37.93427433818303,22.464319114895883,86.7587030590266,29.59498335889278,693.6916332749303,44.679332036908114,450.3376194044326,0,56.073324711938966,-143.25417751710535,Los Angeles
81.00239195764945,7.740473326986388,43.573137749267275,19.457276360299605,54.373435992256404,92.92916715697834,235.41293130375118,83.69903652886838,384.9357573345277,1,-4.3048825257182415,92.49671704357974,Columbus
220.55820663677846,3.331451520286419,57.247339802883786,16.610640069436883,44.80183570476895,26.5905627336791,348.28277306012563,22.18240305099961,424.84493821059414,1,4.168078198573639,-57.725631413087484,Chicago
288.65656353523144,0.8110138998799676,77.55355206360888,16.706218462374068,34.156823160405246,82.81466132166949,636.3652214210517,49.394525566220125,16.47272426561619,0,-44.90629444490786,49.668676106652356,Charlotte
74.6259430559874,4.072411714138074,40.015671921214775,19.427928925855444,91.3218793544402,98.5108679337132,542.0066847952082,92.96187394467545,155.09774912210156,1,18.907743025885026,37.36184538332361,Austin
172.84720032535108,2.322341421709427,93.17428899586872,17.000281218431105,94.2982515833245,78.33966455148058,750.2914995552313,66.72147067866749,257.71654334316617,0,-35.47713443942969,-41.101930892688614,San Jose
177.6125793815517,1.3248763475798297,87.60866921523122,20.300793967289643,38.40841275144332,51.89899203864318,496.9122603683066,79.80790197559975,207.97665731488974,0,13.911122617736766,11.364380007263492,San Diego
171.675571737262,0.5342718178682526,14.382126637797569,16.322989242339094,53.41316190472804,6.607426385167193,78.2481291832422,55.09939701854862,115.62747648984423,0,-59.457939196667425,52.24987208579762,Fort Worth
66.9244897921855,7.2559436421057875,32.82782718311405,16.312097344198513,42.27604486606707,47.241378917107305,707.4882905935602,98.046645884063,153.93704898001164,0,-61.29556337859142,158.7421187561298,Phoenix
285.8247034550955,0.11427458625031028,50.152196139328176,32.125523592455636,38.112892817811584,43.82559469717036,615.3244199908729,58.86621546814742,472.71548519580284,1,-14.934646585441158,27.228266229953334,San Antonio
134.1376135852882,7.705807485027762,19.416509986822668,18.242405214176664,92.99067201000211,20.279604118699524,569.4963607146576,4.551071396259154,147.0904399356758,0,-13.172487280102644,41.172304236593135,Seattle
253.92260174133835,1.4694664540037505,41.362839013014735,26.19364811646896,33.981408140174885,42.358763671430445,42.9868378829883,19.798279993979484,176.95205508989287,0,-41.74033231574297,-155.57190562664084,Philadelphia
209.8437825952513,0.7952208258675575,76.60877730559143,30.46911088898061,98.63399644283048,35.77578840803387,316.9781957293952,40.4773628957148,1.8548868750093428,0,-66.3125669339958,162.7976933136403,Columbus
89.2310852565401,0.8960303423860538,71.24630330285433,24.128191306781332,36.751560248816894,16.368426115164848,133.9486555676314,60.12771725737763,422.53881363893726,0,-82.94210294149853,10.109494047379059,Columbus
244.13934591074317,6.7204780735391445,66.01459857094044,18.067377557186916,90.442945443551,44.137414333248614,657.5231267262952,77.19308674089599,77.42035170078832,1,-85.4582710881931,108.45843114957188,Dallas
118.95172225409539,2.4536720985284477,73.9475562450111,18.991922842402285,69.65542748924139,26.279995632448905,560.4228982542902,41.30861259038863,102.07213775686303,1,-41.12094779883438,-161.89521726693994,Denver
264.3309591333485,4.205394666800984,28.443131826373158,23.659684125623613,55.754224147251136,52.20624206822644,706.4620778553082,71.00583050156887,127.63225854601279,0,-6.8663804108513204,-28.472351134647226,San Jose
174.3818617907576,5.573687913239169,40.75283033782589,25.564681783570716,53.96396636376105,3.516005971619418,773.2600855393312,78.98695031091249,442.3110284224213,1,40.72379063510286,-87.48883470502743,Los Angeles
264.52060855645584,8.605511738287937,70.86182340497166,21.9888058409707,83.01549002663961,90.62314197872841,619.7980913539989,31.726019724998277,103.22570562315735,1,-4.52309387147838,-83.88867647210762,Dallas
207.75947702332977,7.270442627113283,89.13112867281944,30.629592004693226,52.0201306503001,81.63643055198561,795.3864665766097,97.92702400358185,398.76318043397,1,72.72914749835073,104.92334278593461,San Diego
217.57628394589216,2.7032790523871464,58.931024844528565,30.020432977127967,76.01232416319993,55.25813325105046,491.8159089154391,64.96564952358355,404.02467016145226,1,-83.66043517642673,44.59202109678728,Fort Worth
150.39731457801068,1.314827992911276,35.4429685850983,33.54423614746236,66.21282584612561,85.18085827572432,29.703683113158252,88.09980607861311,463.51028439319794,1,-57.48108812268582,-21.691687736574693,San Jose
286.82509041696716,0.5537432042119794,12.721173220538432,15.579050980539211,63.94759516106493,96.23950738108005,11.401212120236703,55.59376888086067,57.78065680015698,1,-29.06739130137432,-176.18913374889837,Seattle
193.19705976889122,3.015986344809425,73.93031460767921,32.91382582420407,93.08135194544131,11.052229405266056,273.683100163031,74.16031071523237,108.63948616891567,0,13.949313851722053,167.37405946039075,Seattle
127.15651456745391,2.6211814923967824,10.709569315759634,22.85137576924302,68.82515410341817,63.08318084098038,658.7773752540297,77.05440616163654,371.4491460403607,1,63.492508420909644,166.32837120806056,Seattle
181.9179642383773,4.561405668004797,43.5411162838896,32.56744990759988,87.88031221340864,99.79940009356586,692.9077650597848,90.8248379234579,98.00037714036952,1,-26.963648647816242,-101.68120429918615,Dallas
5.757959492800058,6.832813355476804,57.74834931065036,28.815695523130593,80.79014738710426,98.78891693335261,768.6500230581423,15.034975687137031,143.16477343672452,0,-41.76203714920438,-165.11530596603959,Washington
90.4724450023648,6.956254456388572,92.99003155904738,34.74697514147937,32.699007224129886,60.33229922907446,52.097174839054716,55.82834241692485,83.37079005568133,0,-78.85994960827877,10.871770684284797,Austin
198.0520612478055,2.835188465821666,18.05450905296101,30.185649034333363,84.11770367537935,12.802087045081667,35.65688879013127,42.83785131058563,86.34834307752465,1,57.83462598565873,162.5078932619067,Columbus
87.02328216313322,3.799269559001205,46.53480897714554,22.29089251993573,45.18091750637285,58.31928309905282,730.626877093627,92.31590211737402,240.77667731410284,0,-21.66004022279779,147.74250447537656,Los Angeles
185.40462869965245,1.8115096173690304,12.1881879739142,25.021263456695042,93.22047527961001,0.20646355744217137,244.03735869028927,10.509469424899919,54.84153105647926,1,12.879035175048173,30.47863100018276,Columbus
128.63061028372985,7.885455123065187,40.83498859074313,22.527783103887025,33.00469334261824,19.89113346668596,446.38992048770615,98.25738886809128,160.84880923181112,1,87.03997527081967,-70.72241376466542,Los Angeles
40.64221926673507,0.568480764332403,66.00079529558154,22.29823672042476,53.31504241320231,95.612315955996,785.9559064005679,87.54513240932963,213.2969547994395,0,-89.71297729122698,-61.214081843089446,New York
89.48469778680924,6.969972417249873,35.116115340573856,20.218089987621195,36.98130630643278,33.04405726028439,320.35882778873867,7.382628156424853,12.274058261988795,1,-63.81897467420413,143.24887853496995,Jacksonville
170.98947321037946,7.786953959411034,28.877495469007158,24.91940590746939,63.291238195939066,63.83901057769486,532.6971186478719,49.096638554047445,194.1665832372263,1,50.23997892348399,-2.9577471711922954,San Antonio
177.26182837445197,7.774075618487531,20.41329099943843,28.634798901387224,87.40157051088262,28.085949463224267,320.70365090558823,71.75595002125259,47.061218042758476,0,54.92294733741082,-132.79815757182757,Chicago
172.29757465487364,2.5942256434535493,61.94262196183076,20.54680542610487,50.87311517641449,94.78218871115895,614.5557315702238,73.81515456910564,246.78926557308833,0,48.46448142589597,-90.56682864950136,Charlotte
195.9602459571401,3.7381313793256146,72.57430053142174,25.4875962215444,40.56544281177291,72.85587299494868,422.17178045829263,90.64941252379208,412.8690942785482,1,6.659800387709268,-80.35383547170034,San Antonio
195.63098100050667,5.87599635196389,70.47614265362401,17.347605883411145,53.11869249878295,32.96511575814126,190.01851038907978,79.98654355823109,409.21108109089363,0,86.19425658415008,-135.52319342451264,Phoenix
129.42553063019218,2.7282190242446704,95.39749186484566,18.196905737083824,86.97160993444452,79.17614211803709,217.04488100677298,31.09303803440895,40.224257768700255,0,-18.68677920084231,-13.304022652335107,Seattle
268.9639787553189,3.708527992178887,10.243289250415243,15.936127094243774,39.82687704595428,10.816552447633764,206.4473700307258,49.84347858624524,300.6138788372601,1,18.349865660360223,149.77832697899674,Indianapolis
110.26856101436896,1.9705428018563964,68.24769885046325,34.41462885541266,45.91537143542513,39.23189400654594,425.85626260684865,70.17857629358541,417.29319098561825,1,-78.5935791812073,60.761715477213926,Fort Worth
130.75947757968805,4.598558837560073,64.03530133878756,15.077207030205223,34.819637514536176,22.121812773159235,562.5512128125314,13.843684136435142,118.98627146731766,1,-16.22565901667903,-153.9093872704118,San Francisco
267.5770065047016,0.44612301254114084,62.986564897325934,18.571599361153126,79.39970307927254,68.37264472760462,759.4239200345137,19.39907976001973,380.9632557247996,1,40.05001575178596,-178.02186558870142,San Diego
241.85819671382572,7.99795884570618,96.64932878562182,27.25733506233985,57.666327047543575,10.244628177193038,555.2699000663839,48.10424481098726,445.38217322504664,1,-47.02700866127413,-80.55083971106843,Indianapolis
211.1665750621099,0.7695644698663273,11.518450603303572,16.627391977066107,51.75879840003212,39.70258322826741,624.9542751699125,29.824579870551272,403.0620757202221,0,79.88896603316672,-49.43054347418146,Indianapolis
30.068066193690335,5.18835148831526,72.6834187631305,32.63793006193664,80.30384732388063,27.66497302091896,135.1408926916525,86.2559249784095,53.65051575775226,1,33.62100617579203,99.62988085683929,New York
275.84478412340206,3.068100995451961,83.23107847316771,29.392403156845763,53.51842796381787,50.634291932380414,299.25010000586053,58.627732152061796,4.52999976119245,0,-38.236431085637136,168.12198861493198,San Antonio
214.2723898647334,5.775429488313755,55.88264769594257,34.32779942875787,80.94398912500927,34.989768050387895,331.02417588661285,34.86651977183677,95.86205496092282,1,48.419806087054155,-40.4758175675243,San Jose
299.65410197035993,9.59433340833425,40.05683826371282,25.152710944815297,87.06395767200195,70.6410577667011,549.1041840003784,84.88330256044101,135.23867047331163,0,-75.03034107454036,67.20841073407001,San Francisco
44.834491397398125,6.455702444560039,81.17561469046645,21.008073663169746,45.23639904204169,2.4577024306966067,236.71358110149887,80.48784485542389,308.09149530797976,0,85.45939605188218,178.1646866470668,Phoenix
260.4378172104643,0.3536243575549092,18.751863306918217,25.990011455905428,98.16730877921883,63.39869213059075,242.63353713573287,99.83548770992695,192.1365876211592,0,-81.12865336675947,88.43997019500517,San Antonio
48.74788040291244,4.304024395080612,49.783207395693275,33.616374345959464,41.36505635388667,23.057128969382003,284.7113237126945,84.73076883337349,351.70351533073676,0,78.0220604067693,49.02823767090402,Austin
184.66786928515324,5.100168523182502,56.79571371137544,25.41522874483721,50.35886346597198,26.870902875684934,648.2416652345858,41.44565348056797,176.5374802608043,1,-44.486302005312986,-151.89305249581045,San Francisco
37.14599485483245,5.36177494703452,72.45607698410927,20.344140637246372,42.58567035834791,80.02556035835235,462.07207203467897,12.749888176998848,77.21271232730015,1,46.40833938436029,-63.64252756989711,San Antonio
254.40246879667032,6.813925106038379,18.179715882916852,32.54797578348239,54.18539594494341,95.55683939804209,60.22182386618758,84.06409082004778,156.34492174301755,1,-89.9867341020409,148.82117704457647,San Antonio
242.1956876175032,2.775960977317661,30.498355138407486,22.438374970249228,63.60426214745289,31.65502100270866,62.596879752375045,5.975791796039398,442.1621131945675,0,-44.23678394767205,-107.63802659487395,Indianapolis
170.730221584378,1.2886056546632019,46.927140642111304,15.027666999979983,66.55231083014834,82.68052703690756,297.02955542599943,35.027120734485415,479.2661721225324,0,44.838109196949574,123.69252933835492,San Diego
122.1549891677999,3.9267567654709437,66.09652057181177,19.95370044984632,89.75242296073904,10.39908379712331,613.2728404849266,91.97379807712738,103.75636703368424,0,5.820492761518011,70.67652662898197,Philadelphia
20.750098636541413,9.564057227959488,89.82647030956757,21.36467018354125,92.26135361711066,63.39816530073832,550.9467411829444,96.07664734451006,394.23419351222066,1,-69.30861306531932,-48.123226500928325,Denver
209.2286319433691,1.8713089175084474,65.69435514172389,32.175549364638044,45.407270254663445,75.10322995349188,566.3858837209493,64.05645935212185,136.67436826993534,1,-19.146645749290457,10.50273709655636,Chicago
136.06280480342065,9.03983954928237,22.011532384144097,24.1700633413289,73.60258225300268,15.597792803445653,613.7680528432776,68.86483169837135,443.56577171570376,0,-22.40111608478233,15.410328751012884,Columbus
216.61667984110437,5.438059500773264,98.25221195085541,23.891745756226015,37.80472401091009,42.60023876695605,229.7221703090635,4.245448872552249,82.77280639812773,0,12.269203952570976,77.05936262659907,Charlotte
259.91469777858873,4.569114216457658,88.46071612799436,21.722045327997748,62.12789021274478,89.27071642489815,438.6050255536704,51.448034108954786,332.97995934702845,0,30.235873042839202,5.960138795710606,New York
292.6564515008657,8.820414102298896,55.24486850307916,32.613562460941594,52.56334766326327,10.357846344837219,434.68211225341565,54.68681788063412,42.10563235659126,1,61.34944363420502,-132.09264353370014,Washington
256.7410027177833,4.586039617685858,93.01131836169696,33.90053553880783,52.15505218175245,1.809635820147515,591.7060009439595,34.01007461241111,486.94666198693477,1,-0.4983485440729254,98.44368174788855,Fort Worth
3.5142252555005915,7.241676366115433,58.72427143814222,34.837806583092586,63.78089691984707,59.058537904793376,765.4964552845171,6.859683475388434,350.31667232027144,0,-19.436090885069376,-33.74190111379724,Fort Worth
107.99341934350917,3.99025321703102,93.09754611002468,22.534825339219736,81.08793448704873,43.553154053093344,222.39195583637272,22.8907599724394,420.9078697025426,0,-64.0842238628313,166.71380047629384,Fort Worth
218.9971687272174,9.040443929009577,84.69076317430088,34.322948912543424,34.84278611546726,79.86892488839027,634.6253382056385,35.79839368611963,283.33466968151725,1,54.86813369815002,-77.93503837450763,Philadelphia
51.48890317843215,6.900250201912273,97.14577692648676,30.837591392618027,91.54213363811832,92.34555382041066,527.97643881861,43.51419865163296,238.4006819644301,1,38.40667297462079,-85.29163909322955,Chicago
156.3109818612388,6.996220542505167,92.78045297003425,28.513782952885336,81.43696422413927,29.91536445438161,464.1902966907681,59.09267255335692,310.94119569718254,0,-16.438068458156636,-59.93733755693425,San Antonio
16.30139650177609,3.277204015571189,13.243043568571252,19.897789588401988,42.35495722223421,38.84041171691053,619.9038234779215,72.23915186982364,264.37075584972405,1,3.3178157896804947,26.03412574510517,Indianapolis
59.998957468920025,7.567786427368892,25.729480374484595,19.329145218884197,95.74126363611593,48.627208632931485,755.2259731424795,31.763187327394615,234.6921775725765,0,29.732911994139982,142.1531064723536,Chicago
5.5565383381841915,6.360610554471413,45.02212093910672,18.320956490424912,65.44185568163721,58.81514604352993,29.353134295530392,32.89537599189831,379.7251257288214,0,-60.3349938274432,-116.53860954959467,Los Angeles
238.10931100722618,2.4002027337970953,95.69284275658786,33.45513220450731,99.98660046818758,98.38538296816168,117.92008201057654,1.9691642723703717,89.10047746963407,1,-85.10439700657436,-79.31563286428073,Columbus
67.17740641811403,1.6053882248525642,37.00260275283367,20.88153324766332,43.808163201051634,69.73302508300515,605.0297852008927,4.087486009401831,85.58602407757925,0,-32.84933414639662,29.40474353323026,Charlotte
103.60550420907082,7.963914745173318,24.442087949884094,24.061884908977568,67.4435738868241,38.95485073455688,67.03308232806764,25.782169430853642,215.9213253248531,1,17.205303534509355,-16.439672821854572,Seattle
278.42438803967724,9.591666030352226,89.76741994779039,24.87915667974447,50.31736297919499,26.376768645046212,412.89896059287446,74.02449976749567,160.373958022473,1,-2.410903569337435,-18.96376058793888,Chicago
211.32432057705984,4.581388272600428,50.175497393488264,30.563431909005082,51.292149017247255,94.46257184221241,175.88862131328557,62.83138303739122,37.06225895651205,1,34.65983283536288,115.46433435470635,Jacksonville
9.551678859392354,5.90984165323685,91.70880349188934,31.884699231060484,71.37457665837931,13.55484331085064,219.4365630742012,76.97890206778347,422.2352462093672,1,57.54416500341634,152.59618890409,Columbus
49.408246949373826,8.577226441935546,24.420741968812894,17.781454022972255,94.52033468095833,72.0265852504758,561.472386355533,76.89194362148217,385.80140334717487,1,-2.0803559885503375,-6.729492214842537,Seattle
186.44352044992905,4.572234533538571,69.50057603572895,23.538087204221476,86.36846989054226,92.53950252924406,24.15421861496929,85.65674676693013,271.96074990149236,0,-65.83193573079153,67.44664636101857,Chicago
173.16857658125028,9.518744768327362,49.623737754654265,31.857097756709145,80.67589789509282,66.46655865344387,698.655542321523,72.03192659868836,489.66226863218446,0,63.11303996381386,108.38113596986182,Columbus
71.36784641235259,5.757511620448724,16.883809212725687,31.360666115116768,69.14216474711915,42.305444016612114,355.583164281816,97.90109190008228,36.300033273802654,0,13.498258909340592,6.611907739379006,Los Angeles
280.2641993774381,8.20767120701315,72.68168301872505,17.048275169048328,94.56089525672134,19.8990939925484,401.9146351256809,89.88252193018174,383.3346505139375,0,43.188746540916725,-74.04609277665527,Philadelphia
184.1897867897688,9.088437184127384,32.26588799852384,18.12766697735926,64.46529846836188,36.74753222519273,432.0383709549535,58.67171662232342,133.1851958045484,1,36.839637649492474,49.710455180022166,San Francisco
160.68984090748748,8.155238187685688,13.565397032156596,21.083973831988157,91.16825248343028,70.6871809420122,516.4354356635952,58.81576704911717,184.2994599717877,1,84.27811883962352,30.639276110181328,Denver
176.9729929063713,1.5941446344895593,15.394986842461593,16.507181381666808,88.37871507136423,64.95342241752968,275.88526929819847,3.4267040352229494,109.63969260153378,0,-36.84468197955349,144.56261510625973,San Antonio
219.0366088550309,6.288984390617004,15.49706833601086,23.493260056811856,44.96847427611106,92.7976166598358,80.88599245079307,99.85265777083544,394.5189457309326,1,36.95521910026716,-161.13346676285184,San Antonio
93.58349864388056,3.984342586196771,91.69596617365355,17.152354102991637,83.98578240761371,86.68609136593749,254.70314933294125,13.157599736614179,72.120051010783,0,-24.17826003733471,147.64729936804804,Denver
119.46631866482757,0.627129520233457,76.58955260461909,26.3643518733969,30.851980986028114,81.61507522663683,134.51369441825625,74.0347196631592,420.008348867639,1,-18.82607023464449,12.395530139529455,Indianapolis
62.95312469253665,4.240322518898419,90.82561214923615,19.931138796223124,52.598067628366124,91.14508753507623,444.90654356037913,82.10151951243088,330.78882411491696,0,-48.49296540143013,-174.35659822203098,Phoenix
55.857901764100845,2.586840668894077,70.53240801668693,26.928661306992453,46.069721128436484,27.63371527370494,254.42290476830917,37.305452930520325,29.511622634557366,1,-28.0781683828463,-55.90721564359629,Philadelphia
283.31171699518006,8.490383084285108,57.60459361277948,17.350512858072754,65.48040709411194,36.95235401396495,766.4537423947479,19.685205466531375,405.49086580007673,0,80.69341529848737,80.76008299511511,San Diego
221.86523851478626,0.3330462654669619,37.40017279126404,34.51767736837067,81.57972131765499,37.98939037860174,772.5874223842245,9.875988679055503,313.8778580814897,0,-37.33724754943183,-4.164088343100133,Houston
147.13764258527013,9.589827218634735,99.8166026195806,33.65122407714681,36.83734572134069,56.045058870978025,496.1007044545932,74.86060058295779,452.49115978917075,0,-45.721690927814386,172.8572534787573,Chicago
68.22438839199697,3.553688484719296,42.59701530454504,22.835938771293314,66.04455413557379,66.8218229542771,493.9978141338288,45.26535292056957,374.3611532043191,0,14.96483612528796,-27.860373420822526,San Francisco
76.30694453111788,3.5670689040254286,52.35840542925186,19.843571882521708,95.68884151860699,28.671668304039432,788.3028516536848,71.37177590011356,280.5604637148874,1,-43.55352778648417,-62.411317334637204,New York
17.408748097162686,0.1632850268370789,44.04206574311156,20.007964257071457,46.005258568806184,1.9462467309300346,709.8265209881488,91.54076488518005,418.2735903095989,0,-4.7905693930268995,115.80189639464453,Philadelphia
130.32498766743623,1.8523232523618394,98.15742364019127,24.667870704047843,77.39988008779969,39.92223836579093,612.0559593265119,14.658373615105669,139.02511915061106,1,60.15172618012264,17.246411768891306,Los Angeles
